/*******************************************************************************
 * Size: 150 px
 * Bpp: 4
 * Opts: --bpp 4 --format lvgl --lv-include lvgl.h --force-fast-kern-format --font web/public/fonts/Ndot57Caps-Regular.otf --size 150 --range 0x2E,0x30-0x3A,0x67,0x73,0xB0 -o src/display/ui/default/lvgl/fonts/ndot_150.c
 ******************************************************************************/

#ifdef LV_LVGL_H_INCLUDE_SIMPLE
#include "lvgl.h"
#else
#include "lvgl.h"
#endif

#ifndef NDOT_150
#define NDOT_150 1
#endif

#if NDOT_150

/*-----------------
 *    BITMAPS
 *----------------*/

/*Store the image of the glyphs*/
static LV_ATTRIBUTE_LARGE_CONST const uint8_t glyph_bitmap[] = {
    /* U+002E "." */
    0x0, 0xc3, 0x1b, 0xfe, 0xd8, 0x10, 0xf, 0x86,
    0x37, 0xfd, 0xb0, 0x20, 0x1f, 0x37, 0x39, 0x0,
    0x9, 0xfd, 0x40, 0x39, 0xb9, 0xc8, 0x0, 0x4f,
    0xea, 0x1, 0xd1, 0x20, 0x1f, 0xd, 0x40, 0x5,
    0x12, 0x1, 0xf0, 0xd4, 0x0, 0x46, 0xe0, 0x1f,
    0xe7, 0x30, 0x37, 0x0, 0xff, 0x39, 0x80, 0x38,
    0x3, 0xff, 0x81, 0xc1, 0xc0, 0x1f, 0xfc, 0xe,
    0x3, 0x20, 0xf, 0xfe, 0x1, 0x31, 0x0, 0x7f,
    0xf0, 0x8, 0xd4, 0x3, 0xff, 0x85, 0x40, 0x1f,
    0xfc, 0x25, 0x10, 0xf, 0xfe, 0x11, 0x80, 0x7f,
    0xf0, 0x84, 0x40, 0x1f, 0xfc, 0x23, 0x0, 0xff,
    0xe1, 0xa, 0x80, 0x7f, 0xf0, 0xa8, 0x3, 0xff,
    0x84, 0xa6, 0x40, 0x1f, 0xfc, 0x2, 0x62, 0x0,
    0xff, 0xe0, 0x11, 0x87, 0x0, 0x7f, 0xf0, 0x38,
    0x38, 0x3, 0xff, 0x81, 0xc0, 0x3, 0x70, 0xf,
    0xf3, 0x98, 0x1b, 0x80, 0x7f, 0x9c, 0xc0, 0x28,
    0x90, 0xf, 0xd3, 0x0, 0x14, 0x48, 0x7, 0xe9,
    0x80, 0xe, 0x6e, 0x72, 0x0, 0x13, 0xf3, 0x0,
    0x73, 0x73, 0x90, 0x0, 0x9f, 0x98, 0x3, 0xff,
    0xb2, 0xdc, 0xe4, 0x0, 0x27, 0xf5, 0x0, 0xe6,
    0xe7, 0x20, 0x1, 0x3f, 0xa8, 0x7, 0x44, 0x80,
    0x7c, 0x35, 0x0, 0x14, 0x48, 0x7, 0xc3, 0x50,
    0x1, 0x1b, 0x80, 0x7f, 0x9c, 0xc0, 0xdc, 0x3,
    0xfc, 0xe6, 0x0, 0xe0, 0xf, 0xfe, 0x7, 0x7,
    0x0, 0x7f, 0xf0, 0x38, 0xc, 0x80, 0x3f, 0xf8,
    0x4, 0xc4, 0x1, 0xff, 0xc0, 0x23, 0x50, 0xf,
    0xfe, 0x15, 0x0, 0x7f, 0xf0, 0x94, 0x40, 0x3f,
    0xf8, 0x46, 0x1, 0xff, 0xc2, 0x11, 0x0, 0x7f,
    0xf0, 0x8c, 0x3, 0xff, 0x84, 0x2a, 0x1, 0xff,
    0xc2, 0xa0, 0xf, 0xfe, 0x12, 0x99, 0x0, 0x7f,
    0xf0, 0x9, 0x88, 0x3, 0xff, 0x80, 0x46, 0x1c,
    0x1, 0xff, 0xc0, 0xe0, 0xe0, 0xf, 0xfe, 0x7,
    0x0, 0xd, 0xc0, 0x3f, 0xce, 0x60, 0x6e, 0x1,
    0xfe, 0x73, 0x0, 0xa2, 0x40, 0x3f, 0x4c, 0x0,
    0x51, 0x20, 0x1f, 0xa6, 0x0, 0x39, 0xb9, 0xc8,
    0x0, 0x4f, 0xcc, 0x1, 0xcd, 0xce, 0x40, 0x2,
    0x7e, 0x60, 0x8,

    /* U+0030 "0" */
    0x0, 0xff, 0xe3, 0x8c, 0x6f, 0xfb, 0x60, 0x40,
    0x3e, 0x18, 0xdf, 0xf6, 0xc0, 0x80, 0x7c, 0x31,
    0xbf, 0xed, 0x81, 0x0, 0xff, 0xec, 0xb7, 0x39,
    0x0, 0x9, 0xfd, 0x40, 0x39, 0xb9, 0xc8, 0x0,
    0x4f, 0xea, 0x1, 0xcd, 0xce, 0x40, 0x2, 0x7f,
    0x50, 0xf, 0xfe, 0xbc, 0x48, 0x7, 0xc3, 0x50,
    0x1, 0x44, 0x80, 0x7c, 0x35, 0x0, 0x14, 0x48,
    0x7, 0xc3, 0x50, 0x1, 0xff, 0xd5, 0x37, 0x0,
    0xff, 0x39, 0x81, 0xb8, 0x7, 0xf9, 0xcc, 0xd,
    0xc0, 0x3f, 0xce, 0x60, 0x1f, 0xfd, 0x4e, 0x0,
    0xff, 0xe0, 0x70, 0x70, 0x7, 0xff, 0x3, 0x83,
    0x80, 0x3f, 0xf8, 0x1c, 0x1, 0xff, 0xd3, 0x32,
    0x0, 0xff, 0xe0, 0x13, 0x10, 0x7, 0xff, 0x0,
    0x98, 0x80, 0x3f, 0xf8, 0x4, 0x60, 0x1f, 0xfd,
    0x25, 0x0, 0xff, 0xe1, 0x50, 0x7, 0xff, 0xa,
    0x80, 0x3f, 0xf8, 0x4a, 0x1, 0xff, 0xd2, 0x10,
    0xf, 0xfe, 0x11, 0x80, 0x7f, 0xf0, 0x8c, 0x3,
    0xff, 0x84, 0x20, 0x1f, 0xfd, 0x21, 0x0, 0xff,
    0xe1, 0x18, 0x7, 0xff, 0x8, 0xc0, 0x3f, 0xf8,
    0x42, 0x1, 0xff, 0xd2, 0x50, 0xf, 0xfe, 0x15,
    0x0, 0x7f, 0xf0, 0xa8, 0x3, 0xff, 0x84, 0xa0,
    0x1f, 0xfd, 0x23, 0x20, 0xf, 0xfe, 0x1, 0x31,
    0x0, 0x7f, 0xf0, 0x9, 0x88, 0x3, 0xff, 0x80,
    0x46, 0x1, 0xff, 0xd3, 0xe0, 0xf, 0xfe, 0x7,
    0x7, 0x0, 0x7f, 0xf0, 0x38, 0x38, 0x3, 0xff,
    0x81, 0xc0, 0x1f, 0xfd, 0x43, 0x70, 0xf, 0xf3,
    0x98, 0x1b, 0x80, 0x7f, 0x9c, 0xc0, 0xdc, 0x3,
    0xfc, 0xe6, 0x1, 0xff, 0xd5, 0x89, 0x0, 0xfd,
    0x30, 0x1, 0x44, 0x80, 0x7e, 0x98, 0x0, 0xa2,
    0x40, 0x3f, 0x4c, 0x0, 0x7f, 0xf5, 0xdb, 0x9c,
    0x80, 0x4, 0xfc, 0xc0, 0x1c, 0xdc, 0xe4, 0x0,
    0x27, 0xe6, 0x0, 0xe6, 0xe7, 0x20, 0x1, 0x3f,
    0x30, 0x7, 0xff, 0x28, 0x63, 0x7f, 0xdb, 0x2,
    0x1, 0xf0, 0xc6, 0xff, 0xb6, 0x4, 0x3, 0xe1,
    0x8d, 0xff, 0x6c, 0x8, 0x7, 0xc3, 0x1b, 0xfe,
    0xd8, 0x10, 0xf, 0x86, 0x37, 0xfd, 0xb0, 0x20,
    0x1f, 0x37, 0x39, 0x0, 0x9, 0xfd, 0x40, 0x3f,
    0xfc, 0xcd, 0xce, 0x40, 0x2, 0x7f, 0x50, 0xe,
    0x89, 0x0, 0xf8, 0x6a, 0x0, 0x3f, 0xfc, 0x91,
    0x20, 0x1f, 0xd, 0x40, 0x4, 0x6e, 0x1, 0xfe,
    0x73, 0x0, 0xff, 0xf1, 0x1b, 0x80, 0x7f, 0x9c,
    0xc0, 0x1c, 0x1, 0xff, 0xc0, 0xe0, 0xf, 0xff,
    0x17, 0x0, 0x7f, 0xf0, 0x38, 0xc, 0x80, 0x3f,
    0xf8, 0x4, 0x60, 0x1f, 0xfe, 0x3, 0x20, 0xf,
    0xfe, 0x1, 0x1a, 0x80, 0x7f, 0xf0, 0x94, 0x3,
    0xff, 0xc0, 0xa0, 0x1f, 0xfc, 0x25, 0x10, 0xf,
    0xfe, 0x10, 0x80, 0x7f, 0xf8, 0x4, 0x3, 0xff,
    0x84, 0x22, 0x0, 0xff, 0xe1, 0x8, 0x7, 0xff,
    0x80, 0x40, 0x3f, 0xf8, 0x42, 0xa0, 0x1f, 0xfc,
    0x25, 0x0, 0xff, 0xf0, 0x28, 0x7, 0xff, 0x9,
    0x4c, 0x80, 0x3f, 0xf8, 0x4, 0x60, 0x1f, 0xfe,
    0x3, 0x20, 0xf, 0xfe, 0x1, 0x18, 0x70, 0x7,
    0xff, 0x3, 0x80, 0x3f, 0xfc, 0x5c, 0x1, 0xff,
    0xc0, 0xe0, 0x1, 0xb8, 0x7, 0xf9, 0xcc, 0x3,
    0xff, 0xc4, 0x6e, 0x1, 0xfe, 0x73, 0x0, 0xa2,
    0x40, 0x3f, 0x4c, 0x0, 0x7f, 0xf9, 0x22, 0x40,
    0x3f, 0x4c, 0x0, 0x73, 0x73, 0x90, 0x0, 0x9f,
    0x98, 0x3, 0xff, 0xcc, 0xdc, 0xe4, 0x0, 0x27,
    0xe6, 0x0, 0xff, 0xff, 0x80, 0x7c, 0xdc, 0xe4,
    0x0, 0x27, 0xf5, 0x0, 0xff, 0xf3, 0x37, 0x39,
    0x0, 0x9, 0xfd, 0x40, 0x3a, 0x24, 0x3, 0xe1,
    0xa8, 0x0, 0xff, 0xf2, 0x44, 0x80, 0x7c, 0x35,
    0x0, 0x11, 0xb8, 0x7, 0xf9, 0xcc, 0x3, 0xff,
    0xc4, 0x6e, 0x1, 0xfe, 0x73, 0x0, 0x70, 0x7,
    0xff, 0x3, 0x80, 0x3f, 0xfc, 0x5c, 0x1, 0xff,
    0xc0, 0xe0, 0x32, 0x0, 0xff, 0xe0, 0x11, 0x80,
    0x7f, 0xf8, 0xc, 0x80, 0x3f, 0xf8, 0x4, 0x6a,
    0x1, 0xff, 0xc2, 0x50, 0xf, 0xff, 0x2, 0x80,
    0x7f, 0xf0, 0x94, 0x40, 0x3f, 0xf8, 0x42, 0x1,
    0xff, 0xe0, 0x10, 0xf, 0xfe, 0x10, 0x88, 0x3,
    0xff, 0x84, 0x20, 0x1f, 0xfe, 0x1, 0x0, 0xff,
    0xe1, 0xa, 0x80, 0x7f, 0xf0, 0x94, 0x3, 0xff,
    0xc0, 0xa0, 0x1f, 0xfc, 0x25, 0x32, 0x0, 0xff,
    0xe0, 0x11, 0x80, 0x7f, 0xf8, 0xc, 0x80, 0x3f,
    0xf8, 0x4, 0x61, 0xc0, 0x1f, 0xfc, 0xe, 0x0,
    0xff, 0xf1, 0x70, 0x7, 0xff, 0x3, 0x80, 0x6,
    0xe0, 0x1f, 0xe7, 0x30, 0xf, 0xff, 0x11, 0xb8,
    0x7, 0xf9, 0xcc, 0x2, 0x89, 0x0, 0xfd, 0x30,
    0x1, 0xff, 0xe4, 0x89, 0x0, 0xfd, 0x30, 0x1,
    0xcd, 0xce, 0x40, 0x2, 0x7e, 0x60, 0xf, 0xff,
    0x33, 0x73, 0x90, 0x0, 0x9f, 0x98, 0x3, 0xff,
    0xfe, 0x1, 0xf3, 0x73, 0x90, 0x0, 0x9f, 0xd4,
    0x3, 0xff, 0xcc, 0xdc, 0xe4, 0x0, 0x27, 0xf5,
    0x0, 0xe8, 0x90, 0xf, 0x86, 0xa0, 0x3, 0xff,
    0xc9, 0x12, 0x1, 0xf0, 0xd4, 0x0, 0x46, 0xe0,
    0x1f, 0xe7, 0x30, 0xf, 0xff, 0x11, 0xb8, 0x7,
    0xf9, 0xcc, 0x1, 0xc0, 0x1f, 0xfc, 0xe, 0x0,
    0xff, 0xf1, 0x70, 0x7, 0xff, 0x3, 0x80, 0xc8,
    0x3, 0xff, 0x80, 0x46, 0x1, 0xff, 0xe0, 0x32,
    0x0, 0xff, 0xe0, 0x11, 0xa8, 0x7, 0xff, 0x9,
    0x40, 0x3f, 0xfc, 0xa, 0x1, 0xff, 0xc2, 0x51,
    0x0, 0xff, 0xe1, 0x8, 0x7, 0xff, 0x80, 0x40,
    0x3f, 0xf8, 0x42, 0x20, 0xf, 0xfe, 0x10, 0x80,
    0x7f, 0xf8, 0x4, 0x3, 0xff, 0x84, 0x2a, 0x1,
    0xff, 0xc2, 0x50, 0xf, 0xff, 0x2, 0x80, 0x7f,
    0xf0, 0x94, 0xc8, 0x3, 0xff, 0x80, 0x46, 0x1,
    0xff, 0xe0, 0x32, 0x0, 0xff, 0xe0, 0x11, 0x87,
    0x0, 0x7f, 0xf0, 0x38, 0x3, 0xff, 0xc5, 0xc0,
    0x1f, 0xfc, 0xe, 0x0, 0x1b, 0x80, 0x7f, 0x9c,
    0xc0, 0x3f, 0xfc, 0x46, 0xe0, 0x1f, 0xe7, 0x30,
    0xa, 0x24, 0x3, 0xf4, 0xc0, 0x7, 0xff, 0x92,
    0x24, 0x3, 0xf4, 0xc0, 0x7, 0x37, 0x39, 0x0,
    0x9, 0xf9, 0x80, 0x3f, 0xfc, 0xcd, 0xce, 0x40,
    0x2, 0x7e, 0x60, 0xf, 0xff, 0xf8, 0x7, 0xcd,
    0xce, 0x40, 0x2, 0x7f, 0x50, 0xf, 0xff, 0x33,
    0x73, 0x90, 0x0, 0x9f, 0xd4, 0x3, 0xa2, 0x40,
    0x3e, 0x1a, 0x80, 0xf, 0xff, 0x24, 0x48, 0x7,
    0xc3, 0x50, 0x1, 0x1b, 0x80, 0x7f, 0x9c, 0xc0,
    0x3f, 0xfc, 0x46, 0xe0, 0x1f, 0xe7, 0x30, 0x7,
    0x0, 0x7f, 0xf0, 0x38, 0x3, 0xff, 0xc5, 0xc0,
    0x1f, 0xfc, 0xe, 0x3, 0x20, 0xf, 0xfe, 0x1,
    0x18, 0x7, 0xff, 0x80, 0xc8, 0x3, 0xff, 0x80,
    0x46, 0xa0, 0x1f, 0xfc, 0x25, 0x0, 0xff, 0xf0,
    0x28, 0x7, 0xff, 0x9, 0x44, 0x3, 0xff, 0x84,
    0x20, 0x1f, 0xfe, 0x1, 0x0, 0xff, 0xe1, 0x8,
    0x80, 0x3f, 0xf8, 0x42, 0x1, 0xff, 0xe0, 0x10,
    0xf, 0xfe, 0x10, 0xa8, 0x7, 0xff, 0x9, 0x40,
    0x3f, 0xfc, 0xa, 0x1, 0xff, 0xc2, 0x53, 0x20,
    0xf, 0xfe, 0x1, 0x18, 0x7, 0xff, 0x80, 0xc8,
    0x3, 0xff, 0x80, 0x46, 0x1c, 0x1, 0xff, 0xc0,
    0xe0, 0xf, 0xff, 0x17, 0x0, 0x7f, 0xf0, 0x38,
    0x0, 0x6e, 0x1, 0xfe, 0x73, 0x0, 0xff, 0xf1,
    0x1b, 0x80, 0x7f, 0x9c, 0xc0, 0x28, 0x90, 0xf,
    0xd3, 0x0, 0x1f, 0xfe, 0x48, 0x90, 0xf, 0xd3,
    0x0, 0x1c, 0xdc, 0xe4, 0x0, 0x27, 0xe6, 0x0,
    0xff, 0xf3, 0x37, 0x39, 0x0, 0x9, 0xf9, 0x80,
    0x3f, 0xff, 0xe0, 0x1f, 0x37, 0x39, 0x0, 0x9,
    0xfd, 0x40, 0x3f, 0xfc, 0xcd, 0xce, 0x40, 0x2,
    0x7f, 0x50, 0xe, 0x89, 0x0, 0xf8, 0x6a, 0x0,
    0x3f, 0xfc, 0x91, 0x20, 0x1f, 0xd, 0x40, 0x4,
    0x6e, 0x1, 0xfe, 0x73, 0x0, 0xff, 0xf1, 0x1b,
    0x80, 0x7f, 0x9c, 0xc0, 0x1c, 0x1, 0xff, 0xc0,
    0xe0, 0xf, 0xff, 0x17, 0x0, 0x7f, 0xf0, 0x38,
    0xc, 0x80, 0x3f, 0xf8, 0x4, 0x60, 0x1f, 0xfe,
    0x3, 0x20, 0xf, 0xfe, 0x1, 0x1a, 0x80, 0x7f,
    0xf0, 0x94, 0x3, 0xff, 0xc0, 0xa0, 0x1f, 0xfc,
    0x25, 0x10, 0xf, 0xfe, 0x10, 0x80, 0x7f, 0xf8,
    0x4, 0x3, 0xff, 0x84, 0x22, 0x0, 0xff, 0xe1,
    0x8, 0x7, 0xff, 0x80, 0x40, 0x3f, 0xf8, 0x42,
    0xa0, 0x1f, 0xfc, 0x25, 0x0, 0xff, 0xf0, 0x28,
    0x7, 0xff, 0x9, 0x4c, 0x80, 0x3f, 0xf8, 0x4,
    0x60, 0x1f, 0xfe, 0x3, 0x20, 0xf, 0xfe, 0x1,
    0x18, 0x70, 0x7, 0xff, 0x3, 0x80, 0x3f, 0xfc,
    0x5c, 0x1, 0xff, 0xc0, 0xe0, 0x1, 0xb8, 0x7,
    0xf9, 0xcc, 0x3, 0xff, 0xc4, 0x6e, 0x1, 0xfe,
    0x73, 0x0, 0xa2, 0x40, 0x3f, 0x4c, 0x0, 0x7f,
    0xf9, 0x22, 0x40, 0x3f, 0x4c, 0x0, 0x73, 0x73,
    0x90, 0x0, 0x9f, 0x98, 0x3, 0xff, 0xcc, 0xdc,
    0xe4, 0x0, 0x27, 0xe6, 0x0, 0xf8, 0x63, 0x7f,
    0xdb, 0x2, 0x1, 0xf0, 0xc6, 0xff, 0xb6, 0x4,
    0x3, 0xe1, 0x8d, 0xff, 0x6c, 0x8, 0x7, 0xc3,
    0x1b, 0xfe, 0xd8, 0x10, 0xf, 0x86, 0x37, 0xfd,
    0xb0, 0x20, 0x1f, 0xfc, 0xa6, 0xe7, 0x20, 0x1,
    0x3f, 0xa8, 0x7, 0x37, 0x39, 0x0, 0x9, 0xfd,
    0x40, 0x39, 0xb9, 0xc8, 0x0, 0x4f, 0xea, 0x1,
    0xff, 0xd7, 0x89, 0x0, 0xf8, 0x6a, 0x0, 0x28,
    0x90, 0xf, 0x86, 0xa0, 0x2, 0x89, 0x0, 0xf8,
    0x6a, 0x0, 0x3f, 0xfa, 0xa6, 0xe0, 0x1f, 0xe7,
    0x30, 0x37, 0x0, 0xff, 0x39, 0x81, 0xb8, 0x7,
    0xf9, 0xcc, 0x3, 0xff, 0xa9, 0xc0, 0x1f, 0xfc,
    0xe, 0xe, 0x0, 0xff, 0xe0, 0x70, 0x70, 0x7,
    0xff, 0x3, 0x80, 0x3f, 0xfa, 0x66, 0x40, 0x1f,
    0xfc, 0x2, 0x62, 0x0, 0xff, 0xe0, 0x13, 0x10,
    0x7, 0xff, 0x0, 0x8c, 0x3, 0xff, 0xa4, 0xa0,
    0x1f, 0xfc, 0x2a, 0x0, 0xff, 0xe1, 0x50, 0x7,
    0xff, 0x9, 0x40, 0x3f, 0xfa, 0x42, 0x1, 0xff,
    0xc2, 0x30, 0xf, 0xfe, 0x11, 0x80, 0x7f, 0xf0,
    0x84, 0x3, 0xff, 0xa4, 0x20, 0x1f, 0xfc, 0x23,
    0x0, 0xff, 0xe1, 0x18, 0x7, 0xff, 0x8, 0x40,
    0x3f, 0xfa, 0x4a, 0x1, 0xff, 0xc2, 0xa0, 0xf,
    0xfe, 0x15, 0x0, 0x7f, 0xf0, 0x94, 0x3, 0xff,
    0xa4, 0x64, 0x1, 0xff, 0xc0, 0x26, 0x20, 0xf,
    0xfe, 0x1, 0x31, 0x0, 0x7f, 0xf0, 0x8, 0xc0,
    0x3f, 0xfa, 0x7c, 0x1, 0xff, 0xc0, 0xe0, 0xe0,
    0xf, 0xfe, 0x7, 0x7, 0x0, 0x7f, 0xf0, 0x38,
    0x3, 0xff, 0xa8, 0x6e, 0x1, 0xfe, 0x73, 0x3,
    0x70, 0xf, 0xf3, 0x98, 0x1b, 0x80, 0x7f, 0x9c,
    0xc0, 0x3f, 0xfa, 0xb1, 0x20, 0x1f, 0xa6, 0x0,
    0x28, 0x90, 0xf, 0xd3, 0x0, 0x14, 0x48, 0x7,
    0xe9, 0x80, 0xf, 0xfe, 0xbb, 0x73, 0x90, 0x0,
    0x9f, 0x98, 0x3, 0x9b, 0x9c, 0x80, 0x4, 0xfc,
    0xc0, 0x1c, 0xdc, 0xe4, 0x0, 0x27, 0xe6, 0x0,
    0xff, 0xe3, 0x0,

    /* U+0031 "1" */
    0x0, 0xff, 0xe3, 0x8c, 0x6f, 0xfb, 0x60, 0x40,
    0x3f, 0xfb, 0x2d, 0xce, 0x40, 0x2, 0x7f, 0x50,
    0xf, 0xfe, 0xbc, 0x48, 0x7, 0xc3, 0x50, 0x1,
    0xff, 0xd5, 0x37, 0x0, 0xff, 0x39, 0x80, 0x7f,
    0xf5, 0x38, 0x3, 0xff, 0x81, 0xc0, 0x1f, 0xfd,
    0x33, 0x20, 0xf, 0xfe, 0x1, 0x18, 0x7, 0xff,
    0x49, 0x40, 0x3f, 0xf8, 0x4a, 0x1, 0xff, 0xd2,
    0x10, 0xf, 0xfe, 0x10, 0x80, 0x7f, 0xf4, 0x84,
    0x3, 0xff, 0x84, 0x20, 0x1f, 0xfd, 0x25, 0x0,
    0xff, 0xe1, 0x28, 0x7, 0xff, 0x48, 0xc8, 0x3,
    0xff, 0x80, 0x46, 0x1, 0xff, 0xd3, 0xe0, 0xf,
    0xfe, 0x7, 0x0, 0x7f, 0xf5, 0xd, 0xc0, 0x3f,
    0xce, 0x60, 0x1f, 0xfd, 0x58, 0x90, 0xf, 0xd3,
    0x0, 0x1f, 0xfd, 0x76, 0xe7, 0x20, 0x1, 0x3f,
    0x30, 0x7, 0xff, 0x28, 0x63, 0x7f, 0xdb, 0x2,
    0x1, 0xff, 0xd9, 0x6e, 0x72, 0x0, 0x13, 0xfa,
    0x80, 0x73, 0x73, 0x90, 0x0, 0x9f, 0xd4, 0x3,
    0xff, 0x91, 0x12, 0x1, 0xf0, 0xd4, 0x0, 0x51,
    0x20, 0x1f, 0xd, 0x40, 0x7, 0xff, 0x18, 0xdc,
    0x3, 0xfc, 0xe6, 0x6, 0xe0, 0x1f, 0xe7, 0x30,
    0xf, 0xfe, 0x2f, 0x0, 0x7f, 0xf0, 0x38, 0x38,
    0x3, 0xff, 0x81, 0xc0, 0x1f, 0xfc, 0x43, 0x20,
    0xf, 0xfe, 0x1, 0x31, 0x0, 0x7f, 0xf0, 0x8,
    0xc0, 0x3f, 0xf8, 0x6a, 0x1, 0xff, 0xc2, 0xa0,
    0xf, 0xfe, 0x12, 0x80, 0x7f, 0xf0, 0xc4, 0x3,
    0xff, 0x84, 0x60, 0x1f, 0xfc, 0x21, 0x0, 0xff,
    0xe1, 0x88, 0x7, 0xff, 0x8, 0xc0, 0x3f, 0xf8,
    0x42, 0x1, 0xff, 0xc3, 0x50, 0xf, 0xfe, 0x15,
    0x0, 0x7f, 0xf0, 0x94, 0x3, 0xff, 0x86, 0x64,
    0x1, 0xff, 0xc0, 0x26, 0x20, 0xf, 0xfe, 0x1,
    0x18, 0x7, 0xff, 0x13, 0x80, 0x3f, 0xf8, 0x1c,
    0x1c, 0x1, 0xff, 0xc0, 0xe0, 0xf, 0xfe, 0x29,
    0xb8, 0x7, 0xf9, 0xcc, 0xd, 0xc0, 0x3f, 0xce,
    0x60, 0x1f, 0xfc, 0x68, 0x90, 0xf, 0xd3, 0x0,
    0x14, 0x48, 0x7, 0xe9, 0x80, 0xf, 0xfe, 0x43,
    0x73, 0x90, 0x0, 0x9f, 0x98, 0x3, 0x9b, 0x9c,
    0x80, 0x4, 0xfc, 0xc0, 0x1f, 0xfc, 0xa1, 0x8d,
    0xff, 0x6c, 0x8, 0x7, 0xff, 0xa1, 0xb9, 0xc8,
    0x0, 0x4f, 0xea, 0x1, 0xff, 0xd7, 0x89, 0x0,
    0xf8, 0x6a, 0x0, 0x3f, 0xfa, 0xa6, 0xe0, 0x1f,
    0xe7, 0x30, 0xf, 0xfe, 0xa7, 0x0, 0x7f, 0xf0,
    0x38, 0x3, 0xff, 0xa6, 0x64, 0x1, 0xff, 0xc0,
    0x23, 0x0, 0xff, 0xe9, 0x28, 0x7, 0xff, 0x9,
    0x40, 0x3f, 0xfa, 0x42, 0x1, 0xff, 0xc2, 0x10,
    0xf, 0xfe, 0x90, 0x80, 0x7f, 0xf0, 0x84, 0x3,
    0xff, 0xa4, 0xa0, 0x1f, 0xfc, 0x25, 0x0, 0xff,
    0xe9, 0x19, 0x0, 0x7f, 0xf0, 0x8, 0xc0, 0x3f,
    0xfa, 0x7c, 0x1, 0xff, 0xc0, 0xe0, 0xf, 0xfe,
    0xa1, 0xb8, 0x7, 0xf9, 0xcc, 0x3, 0xff, 0xab,
    0x12, 0x1, 0xfa, 0x60, 0x3, 0xff, 0xae, 0xdc,
    0xe4, 0x0, 0x27, 0xe6, 0x0, 0xff, 0xff, 0x80,
    0x7c, 0xdc, 0xe4, 0x0, 0x27, 0xf5, 0x0, 0xff,
    0xeb, 0xc4, 0x80, 0x7c, 0x35, 0x0, 0x1f, 0xfd,
    0x53, 0x70, 0xf, 0xf3, 0x98, 0x7, 0xff, 0x53,
    0x80, 0x3f, 0xf8, 0x1c, 0x1, 0xff, 0xd3, 0x32,
    0x0, 0xff, 0xe0, 0x11, 0x80, 0x7f, 0xf4, 0x94,
    0x3, 0xff, 0x84, 0xa0, 0x1f, 0xfd, 0x21, 0x0,
    0xff, 0xe1, 0x8, 0x7, 0xff, 0x48, 0x40, 0x3f,
    0xf8, 0x42, 0x1, 0xff, 0xd2, 0x50, 0xf, 0xfe,
    0x12, 0x80, 0x7f, 0xf4, 0x8c, 0x80, 0x3f, 0xf8,
    0x4, 0x60, 0x1f, 0xfd, 0x3e, 0x0, 0xff, 0xe0,
    0x70, 0x7, 0xff, 0x50, 0xdc, 0x3, 0xfc, 0xe6,
    0x1, 0xff, 0xd5, 0x89, 0x0, 0xfd, 0x30, 0x1,
    0xff, 0xd7, 0x6e, 0x72, 0x0, 0x13, 0xf3, 0x0,
    0x7f, 0xff, 0xc0, 0x3e, 0x6e, 0x72, 0x0, 0x13,
    0xfa, 0x80, 0x7f, 0xf5, 0xe2, 0x40, 0x3e, 0x1a,
    0x80, 0xf, 0xfe, 0xa9, 0xb8, 0x7, 0xf9, 0xcc,
    0x3, 0xff, 0xa9, 0xc0, 0x1f, 0xfc, 0xe, 0x0,
    0xff, 0xe9, 0x99, 0x0, 0x7f, 0xf0, 0x8, 0xc0,
    0x3f, 0xfa, 0x4a, 0x1, 0xff, 0xc2, 0x50, 0xf,
    0xfe, 0x90, 0x80, 0x7f, 0xf0, 0x84, 0x3, 0xff,
    0xa4, 0x20, 0x1f, 0xfc, 0x21, 0x0, 0xff, 0xe9,
    0x28, 0x7, 0xff, 0x9, 0x40, 0x3f, 0xfa, 0x46,
    0x40, 0x1f, 0xfc, 0x2, 0x30, 0xf, 0xfe, 0x9f,
    0x0, 0x7f, 0xf0, 0x38, 0x3, 0xff, 0xa8, 0x6e,
    0x1, 0xfe, 0x73, 0x0, 0xff, 0xea, 0xc4, 0x80,
    0x7e, 0x98, 0x0, 0xff, 0xeb, 0xb7, 0x39, 0x0,
    0x9, 0xf9, 0x80, 0x3f, 0xff, 0xe0, 0x1f, 0x37,
    0x39, 0x0, 0x9, 0xfd, 0x40, 0x3f, 0xfa, 0xf1,
    0x20, 0x1f, 0xd, 0x40, 0x7, 0xff, 0x54, 0xdc,
    0x3, 0xfc, 0xe6, 0x1, 0xff, 0xd4, 0xe0, 0xf,
    0xfe, 0x7, 0x0, 0x7f, 0xf4, 0xcc, 0x80, 0x3f,
    0xf8, 0x4, 0x60, 0x1f, 0xfd, 0x25, 0x0, 0xff,
    0xe1, 0x28, 0x7, 0xff, 0x48, 0x40, 0x3f, 0xf8,
    0x42, 0x1, 0xff, 0xd2, 0x10, 0xf, 0xfe, 0x10,
    0x80, 0x7f, 0xf4, 0x94, 0x3, 0xff, 0x84, 0xa0,
    0x1f, 0xfd, 0x23, 0x20, 0xf, 0xfe, 0x1, 0x18,
    0x7, 0xff, 0x4f, 0x80, 0x3f, 0xf8, 0x1c, 0x1,
    0xff, 0xd4, 0x37, 0x0, 0xff, 0x39, 0x80, 0x7f,
    0xf5, 0x62, 0x40, 0x3f, 0x4c, 0x0, 0x7f, 0xf5,
    0xdb, 0x9c, 0x80, 0x4, 0xfc, 0xc0, 0x1f, 0xfc,
    0xa1, 0x8d, 0xff, 0x6c, 0x8, 0x7, 0xff, 0x28,
    0x63, 0x7f, 0xdb, 0x2, 0x1, 0xf3, 0x73, 0x90,
    0x0, 0x9f, 0xd4, 0x3, 0x9b, 0x9c, 0x80, 0x4,
    0xfe, 0xa0, 0x1c, 0xdc, 0xe4, 0x0, 0x27, 0xf5,
    0x0, 0xe8, 0x90, 0xf, 0x86, 0xa0, 0x2, 0x89,
    0x0, 0xf8, 0x6a, 0x0, 0x28, 0x90, 0xf, 0x86,
    0xa0, 0x2, 0x37, 0x0, 0xff, 0x39, 0x81, 0xb8,
    0x7, 0xf9, 0xcc, 0xd, 0xc0, 0x3f, 0xce, 0x60,
    0xe, 0x0, 0xff, 0xe0, 0x70, 0x70, 0x7, 0xff,
    0x3, 0x83, 0x80, 0x3f, 0xf8, 0x1c, 0x6, 0x40,
    0x1f, 0xfc, 0x2, 0x62, 0x0, 0xff, 0xe0, 0x13,
    0x10, 0x7, 0xff, 0x0, 0x8d, 0x40, 0x3f, 0xf8,
    0x54, 0x1, 0xff, 0xc2, 0xa0, 0xf, 0xfe, 0x12,
    0x88, 0x7, 0xff, 0x8, 0xc0, 0x3f, 0xf8, 0x46,
    0x1, 0xff, 0xc2, 0x11, 0x0, 0x7f, 0xf0, 0x8c,
    0x3, 0xff, 0x84, 0x60, 0x1f, 0xfc, 0x21, 0x50,
    0xf, 0xfe, 0x15, 0x0, 0x7f, 0xf0, 0xa8, 0x3,
    0xff, 0x84, 0xa6, 0x40, 0x1f, 0xfc, 0x2, 0x62,
    0x0, 0xff, 0xe0, 0x13, 0x10, 0x7, 0xff, 0x0,
    0x8c, 0x38, 0x3, 0xff, 0x81, 0xc1, 0xc0, 0x1f,
    0xfc, 0xe, 0xe, 0x0, 0xff, 0xe0, 0x70, 0x0,
    0xdc, 0x3, 0xfc, 0xe6, 0x6, 0xe0, 0x1f, 0xe7,
    0x30, 0x37, 0x0, 0xff, 0x39, 0x80, 0x51, 0x20,
    0x1f, 0xa6, 0x0, 0x28, 0x90, 0xf, 0xd3, 0x0,
    0x14, 0x48, 0x7, 0xe9, 0x80, 0xe, 0x6e, 0x72,
    0x0, 0x13, 0xf3, 0x0, 0x73, 0x73, 0x90, 0x0,
    0x9f, 0x98, 0x3, 0x9b, 0x9c, 0x80, 0x4, 0xfc,
    0xc0, 0x10,

    /* U+0032 "2" */
    0x0, 0xff, 0xe3, 0x8c, 0x6f, 0xfb, 0x60, 0x40,
    0x3e, 0x18, 0xdf, 0xf6, 0xc0, 0x80, 0x7c, 0x31,
    0xbf, 0xed, 0x81, 0x0, 0xff, 0xec, 0xb7, 0x39,
    0x0, 0x9, 0xfd, 0x40, 0x39, 0xb9, 0xc8, 0x0,
    0x4f, 0xea, 0x1, 0xcd, 0xce, 0x40, 0x2, 0x7f,
    0x50, 0xf, 0xfe, 0xbc, 0x48, 0x7, 0xc3, 0x50,
    0x1, 0x44, 0x80, 0x7c, 0x35, 0x0, 0x14, 0x48,
    0x7, 0xc3, 0x50, 0x1, 0xff, 0xd5, 0x37, 0x0,
    0xff, 0x39, 0x81, 0xb8, 0x7, 0xf9, 0xcc, 0xd,
    0xc0, 0x3f, 0xce, 0x60, 0x1f, 0xfd, 0x4e, 0x0,
    0xff, 0xe0, 0x70, 0x70, 0x7, 0xff, 0x3, 0x83,
    0x80, 0x3f, 0xf8, 0x1c, 0x1, 0xff, 0xd3, 0x32,
    0x0, 0xff, 0xe0, 0x13, 0x10, 0x7, 0xff, 0x0,
    0x98, 0x80, 0x3f, 0xf8, 0x4, 0x60, 0x1f, 0xfd,
    0x25, 0x0, 0xff, 0xe1, 0x50, 0x7, 0xff, 0xa,
    0x80, 0x3f, 0xf8, 0x4a, 0x1, 0xff, 0xd2, 0x10,
    0xf, 0xfe, 0x11, 0x80, 0x7f, 0xf0, 0x8c, 0x3,
    0xff, 0x84, 0x20, 0x1f, 0xfd, 0x21, 0x0, 0xff,
    0xe1, 0x18, 0x7, 0xff, 0x8, 0xc0, 0x3f, 0xf8,
    0x42, 0x1, 0xff, 0xd2, 0x50, 0xf, 0xfe, 0x15,
    0x0, 0x7f, 0xf0, 0xa8, 0x3, 0xff, 0x84, 0xa0,
    0x1f, 0xfd, 0x23, 0x20, 0xf, 0xfe, 0x1, 0x31,
    0x0, 0x7f, 0xf0, 0x9, 0x88, 0x3, 0xff, 0x80,
    0x46, 0x1, 0xff, 0xd3, 0xe0, 0xf, 0xfe, 0x7,
    0x7, 0x0, 0x7f, 0xf0, 0x38, 0x38, 0x3, 0xff,
    0x81, 0xc0, 0x1f, 0xfd, 0x43, 0x70, 0xf, 0xf3,
    0x98, 0x1b, 0x80, 0x7f, 0x9c, 0xc0, 0xdc, 0x3,
    0xfc, 0xe6, 0x1, 0xff, 0xd5, 0x89, 0x0, 0xfd,
    0x30, 0x1, 0x44, 0x80, 0x7e, 0x98, 0x0, 0xa2,
    0x40, 0x3f, 0x4c, 0x0, 0x7f, 0xf5, 0xdb, 0x9c,
    0x80, 0x4, 0xfc, 0xc0, 0x1c, 0xdc, 0xe4, 0x0,
    0x27, 0xe6, 0x0, 0xe6, 0xe7, 0x20, 0x1, 0x3f,
    0x30, 0x7, 0xff, 0x28, 0x63, 0x7f, 0xdb, 0x2,
    0x1, 0xf0, 0xc6, 0xff, 0xb6, 0x4, 0x3, 0xe1,
    0x8d, 0xff, 0x6c, 0x8, 0x7, 0xc3, 0x1b, 0xfe,
    0xd8, 0x10, 0xf, 0x86, 0x37, 0xfd, 0xb0, 0x20,
    0x1f, 0x37, 0x39, 0x0, 0x9, 0xfd, 0x40, 0x3f,
    0xfc, 0xcd, 0xce, 0x40, 0x2, 0x7f, 0x50, 0xe,
    0x89, 0x0, 0xf8, 0x6a, 0x0, 0x3f, 0xfc, 0x91,
    0x20, 0x1f, 0xd, 0x40, 0x4, 0x6e, 0x1, 0xfe,
    0x73, 0x0, 0xff, 0xf1, 0x1b, 0x80, 0x7f, 0x9c,
    0xc0, 0x1c, 0x1, 0xff, 0xc0, 0xe0, 0xf, 0xff,
    0x17, 0x0, 0x7f, 0xf0, 0x38, 0xc, 0x80, 0x3f,
    0xf8, 0x4, 0x60, 0x1f, 0xfe, 0x3, 0x20, 0xf,
    0xfe, 0x1, 0x1a, 0x80, 0x7f, 0xf0, 0x94, 0x3,
    0xff, 0xc0, 0xa0, 0x1f, 0xfc, 0x25, 0x10, 0xf,
    0xfe, 0x10, 0x80, 0x7f, 0xf8, 0x4, 0x3, 0xff,
    0x84, 0x22, 0x0, 0xff, 0xe1, 0x8, 0x7, 0xff,
    0x80, 0x40, 0x3f, 0xf8, 0x42, 0xa0, 0x1f, 0xfc,
    0x25, 0x0, 0xff, 0xf0, 0x28, 0x7, 0xff, 0x9,
    0x4c, 0x80, 0x3f, 0xf8, 0x4, 0x60, 0x1f, 0xfe,
    0x3, 0x20, 0xf, 0xfe, 0x1, 0x18, 0x70, 0x7,
    0xff, 0x3, 0x80, 0x3f, 0xfc, 0x5c, 0x1, 0xff,
    0xc0, 0xe0, 0x1, 0xb8, 0x7, 0xf9, 0xcc, 0x3,
    0xff, 0xc4, 0x6e, 0x1, 0xfe, 0x73, 0x0, 0xa2,
    0x40, 0x3f, 0x4c, 0x0, 0x7f, 0xf9, 0x22, 0x40,
    0x3f, 0x4c, 0x0, 0x73, 0x73, 0x90, 0x0, 0x9f,
    0x98, 0x3, 0xff, 0xcc, 0xdc, 0xe4, 0x0, 0x27,
    0xe6, 0x0, 0xf8, 0x63, 0x7f, 0xdb, 0x2, 0x1,
    0xff, 0xff, 0x0, 0xff, 0xf4, 0x37, 0x39, 0x0,
    0x9, 0xfd, 0x40, 0x3f, 0xfe, 0xb1, 0x20, 0x1f,
    0xd, 0x40, 0x7, 0xff, 0xcc, 0xdc, 0x3, 0xfc,
    0xe6, 0x1, 0xff, 0xf2, 0xe0, 0xf, 0xfe, 0x7,
    0x0, 0x7f, 0xfc, 0x4c, 0x80, 0x3f, 0xf8, 0x4,
    0x60, 0x1f, 0xff, 0x5, 0x0, 0xff, 0xe1, 0x28,
    0x7, 0xff, 0xc0, 0x40, 0x3f, 0xf8, 0x42, 0x1,
    0xff, 0xf0, 0x10, 0xf, 0xfe, 0x10, 0x80, 0x7f,
    0xfc, 0x14, 0x3, 0xff, 0x84, 0xa0, 0x1f, 0xff,
    0x3, 0x20, 0xf, 0xfe, 0x1, 0x18, 0x7, 0xff,
    0xc7, 0x80, 0x3f, 0xf8, 0x1c, 0x1, 0xff, 0xf2,
    0x37, 0x0, 0xff, 0x39, 0x80, 0x7f, 0xfc, 0xe2,
    0x40, 0x3f, 0x4c, 0x0, 0x7f, 0xfd, 0x5b, 0x9c,
    0x80, 0x4, 0xfc, 0xc0, 0x1f, 0xfe, 0x81, 0x8d,
    0xff, 0x6c, 0x8, 0x7, 0xc3, 0x1b, 0xfe, 0xd8,
    0x10, 0xf, 0xff, 0x43, 0x73, 0x90, 0x0, 0x9f,
    0xd4, 0x3, 0xff, 0xeb, 0x12, 0x1, 0xf0, 0xd4,
    0x0, 0x7f, 0xfc, 0xcd, 0xc0, 0x3f, 0xce, 0x60,
    0x1f, 0xff, 0x2e, 0x0, 0xff, 0xe0, 0x70, 0x7,
    0xff, 0xc4, 0xc8, 0x3, 0xff, 0x80, 0x46, 0x1,
    0xff, 0xf0, 0x50, 0xf, 0xfe, 0x12, 0x80, 0x7f,
    0xfc, 0x4, 0x3, 0xff, 0x84, 0x20, 0x1f, 0xff,
    0x1, 0x0, 0xff, 0xe1, 0x8, 0x7, 0xff, 0xc1,
    0x40, 0x3f, 0xf8, 0x4a, 0x1, 0xff, 0xf0, 0x32,
    0x0, 0xff, 0xe0, 0x11, 0x80, 0x7f, 0xfc, 0x78,
    0x3, 0xff, 0x81, 0xc0, 0x1f, 0xff, 0x23, 0x70,
    0xf, 0xf3, 0x98, 0x7, 0xff, 0xce, 0x24, 0x3,
    0xf4, 0xc0, 0x7, 0xff, 0xd5, 0xb9, 0xc8, 0x0,
    0x4f, 0xcc, 0x1, 0xff, 0xe8, 0x18, 0xdf, 0xf6,
    0xc0, 0x80, 0x7c, 0x31, 0xbf, 0xed, 0x81, 0x0,
    0xff, 0xf4, 0x37, 0x39, 0x0, 0x9, 0xfd, 0x40,
    0x3f, 0xfe, 0xb1, 0x20, 0x1f, 0xd, 0x40, 0x7,
    0xff, 0xcc, 0xdc, 0x3, 0xfc, 0xe6, 0x1, 0xff,
    0xf2, 0xe0, 0xf, 0xfe, 0x7, 0x0, 0x7f, 0xfc,
    0x4c, 0x80, 0x3f, 0xf8, 0x4, 0x60, 0x1f, 0xff,
    0x5, 0x0, 0xff, 0xe1, 0x28, 0x7, 0xff, 0xc0,
    0x40, 0x3f, 0xf8, 0x42, 0x1, 0xff, 0xf0, 0x10,
    0xf, 0xfe, 0x10, 0x80, 0x7f, 0xfc, 0x14, 0x3,
    0xff, 0x84, 0xa0, 0x1f, 0xff, 0x3, 0x20, 0xf,
    0xfe, 0x1, 0x18, 0x7, 0xff, 0xc7, 0x80, 0x3f,
    0xf8, 0x1c, 0x1, 0xff, 0xf2, 0x37, 0x0, 0xff,
    0x39, 0x80, 0x7f, 0xfc, 0xe2, 0x40, 0x3f, 0x4c,
    0x0, 0x7f, 0xfd, 0x5b, 0x9c, 0x80, 0x4, 0xfc,
    0xc0, 0x1f, 0xfe, 0x81, 0x8d, 0xff, 0x6c, 0x8,
    0x7, 0xc3, 0x1b, 0xfe, 0xd8, 0x10, 0xf, 0xff,
    0x43, 0x73, 0x90, 0x0, 0x9f, 0xd4, 0x3, 0xff,
    0xeb, 0x12, 0x1, 0xf0, 0xd4, 0x0, 0x7f, 0xfc,
    0xcd, 0xc0, 0x3f, 0xce, 0x60, 0x1f, 0xff, 0x2e,
    0x0, 0xff, 0xe0, 0x70, 0x7, 0xff, 0xc4, 0xc8,
    0x3, 0xff, 0x80, 0x46, 0x1, 0xff, 0xf0, 0x50,
    0xf, 0xfe, 0x12, 0x80, 0x7f, 0xfc, 0x4, 0x3,
    0xff, 0x84, 0x20, 0x1f, 0xff, 0x1, 0x0, 0xff,
    0xe1, 0x8, 0x7, 0xff, 0xc1, 0x40, 0x3f, 0xf8,
    0x4a, 0x1, 0xff, 0xf0, 0x32, 0x0, 0xff, 0xe0,
    0x11, 0x80, 0x7f, 0xfc, 0x78, 0x3, 0xff, 0x81,
    0xc0, 0x1f, 0xff, 0x23, 0x70, 0xf, 0xf3, 0x98,
    0x7, 0xff, 0xce, 0x24, 0x3, 0xf4, 0xc0, 0x7,
    0xff, 0xd5, 0xb9, 0xc8, 0x0, 0x4f, 0xcc, 0x1,
    0xff, 0xe8, 0x18, 0xdf, 0xf6, 0xc0, 0x80, 0x7f,
    0xf2, 0x86, 0x37, 0xfd, 0xb0, 0x20, 0x1f, 0xc,
    0x6f, 0xfb, 0x60, 0x40, 0x3e, 0x18, 0xdf, 0xf6,
    0xc0, 0x80, 0x7c, 0xdc, 0xe4, 0x0, 0x27, 0xf5,
    0x0, 0xe6, 0xe7, 0x20, 0x1, 0x3f, 0xa8, 0x7,
    0x37, 0x39, 0x0, 0x9, 0xfd, 0x40, 0x39, 0xb9,
    0xc8, 0x0, 0x4f, 0xea, 0x1, 0xcd, 0xce, 0x40,
    0x2, 0x7f, 0x50, 0xe, 0x89, 0x0, 0xf8, 0x6a,
    0x0, 0x28, 0x90, 0xf, 0x86, 0xa0, 0x2, 0x89,
    0x0, 0xf8, 0x6a, 0x0, 0x28, 0x90, 0xf, 0x86,
    0xa0, 0x2, 0x89, 0x0, 0xf8, 0x6a, 0x0, 0x23,
    0x70, 0xf, 0xf3, 0x98, 0x1b, 0x80, 0x7f, 0x9c,
    0xc0, 0xdc, 0x3, 0xfc, 0xe6, 0x6, 0xe0, 0x1f,
    0xe7, 0x30, 0x37, 0x0, 0xff, 0x39, 0x80, 0x38,
    0x3, 0xff, 0x81, 0xc1, 0xc0, 0x1f, 0xfc, 0xe,
    0xe, 0x0, 0xff, 0xe0, 0x70, 0x70, 0x7, 0xff,
    0x3, 0x83, 0x80, 0x3f, 0xf8, 0x1c, 0x6, 0x40,
    0x1f, 0xfc, 0x2, 0x62, 0x0, 0xff, 0xe0, 0x13,
    0x10, 0x7, 0xff, 0x0, 0x98, 0x80, 0x3f, 0xf8,
    0x4, 0xc4, 0x1, 0xff, 0xc0, 0x23, 0x50, 0xf,
    0xfe, 0x15, 0x0, 0x7f, 0xf0, 0xa8, 0x3, 0xff,
    0x85, 0x40, 0x1f, 0xfc, 0x2a, 0x0, 0xff, 0xe1,
    0x28, 0x80, 0x7f, 0xf0, 0x8c, 0x3, 0xff, 0x84,
    0x60, 0x1f, 0xfc, 0x23, 0x0, 0xff, 0xe1, 0x18,
    0x7, 0xff, 0x8, 0x44, 0x1, 0xff, 0xc2, 0x30,
    0xf, 0xfe, 0x11, 0x80, 0x7f, 0xf0, 0x8c, 0x3,
    0xff, 0x84, 0x60, 0x1f, 0xfc, 0x21, 0x50, 0xf,
    0xfe, 0x15, 0x0, 0x7f, 0xf0, 0xa8, 0x3, 0xff,
    0x85, 0x40, 0x1f, 0xfc, 0x2a, 0x0, 0xff, 0xe1,
    0x29, 0x90, 0x7, 0xff, 0x0, 0x98, 0x80, 0x3f,
    0xf8, 0x4, 0xc4, 0x1, 0xff, 0xc0, 0x26, 0x20,
    0xf, 0xfe, 0x1, 0x31, 0x0, 0x7f, 0xf0, 0x8,
    0xc3, 0x80, 0x3f, 0xf8, 0x1c, 0x1c, 0x1, 0xff,
    0xc0, 0xe0, 0xe0, 0xf, 0xfe, 0x7, 0x7, 0x0,
    0x7f, 0xf0, 0x38, 0x38, 0x3, 0xff, 0x81, 0xc0,
    0x3, 0x70, 0xf, 0xf3, 0x98, 0x1b, 0x80, 0x7f,
    0x9c, 0xc0, 0xdc, 0x3, 0xfc, 0xe6, 0x6, 0xe0,
    0x1f, 0xe7, 0x30, 0x37, 0x0, 0xff, 0x39, 0x80,
    0x51, 0x20, 0x1f, 0xa6, 0x0, 0x28, 0x90, 0xf,
    0xd3, 0x0, 0x14, 0x48, 0x7, 0xe9, 0x80, 0xa,
    0x24, 0x3, 0xf4, 0xc0, 0x5, 0x12, 0x1, 0xfa,
    0x60, 0x3, 0x9b, 0x9c, 0x80, 0x4, 0xfc, 0xc0,
    0x1c, 0xdc, 0xe4, 0x0, 0x27, 0xe6, 0x0, 0xe6,
    0xe7, 0x20, 0x1, 0x3f, 0x30, 0x7, 0x37, 0x39,
    0x0, 0x9, 0xf9, 0x80, 0x39, 0xb9, 0xc8, 0x0,
    0x4f, 0xcc, 0x1, 0x0,

    /* U+0033 "3" */
    0x0, 0xff, 0xe3, 0x8c, 0x6f, 0xfb, 0x60, 0x40,
    0x3e, 0x18, 0xdf, 0xf6, 0xc0, 0x80, 0x7c, 0x31,
    0xbf, 0xed, 0x81, 0x0, 0xff, 0xec, 0xb7, 0x39,
    0x0, 0x9, 0xfd, 0x40, 0x39, 0xb9, 0xc8, 0x0,
    0x4f, 0xea, 0x1, 0xcd, 0xce, 0x40, 0x2, 0x7f,
    0x50, 0xf, 0xfe, 0xbc, 0x48, 0x7, 0xc3, 0x50,
    0x1, 0x44, 0x80, 0x7c, 0x35, 0x0, 0x14, 0x48,
    0x7, 0xc3, 0x50, 0x1, 0xff, 0xd5, 0x37, 0x0,
    0xff, 0x39, 0x81, 0xb8, 0x7, 0xf9, 0xcc, 0xd,
    0xc0, 0x3f, 0xce, 0x60, 0x1f, 0xfd, 0x4e, 0x0,
    0xff, 0xe0, 0x70, 0x70, 0x7, 0xff, 0x3, 0x83,
    0x80, 0x3f, 0xf8, 0x1c, 0x1, 0xff, 0xd3, 0x32,
    0x0, 0xff, 0xe0, 0x13, 0x10, 0x7, 0xff, 0x0,
    0x98, 0x80, 0x3f, 0xf8, 0x4, 0x60, 0x1f, 0xfd,
    0x25, 0x0, 0xff, 0xe1, 0x50, 0x7, 0xff, 0xa,
    0x80, 0x3f, 0xf8, 0x4a, 0x1, 0xff, 0xd2, 0x10,
    0xf, 0xfe, 0x11, 0x80, 0x7f, 0xf0, 0x8c, 0x3,
    0xff, 0x84, 0x20, 0x1f, 0xfd, 0x21, 0x0, 0xff,
    0xe1, 0x18, 0x7, 0xff, 0x8, 0xc0, 0x3f, 0xf8,
    0x42, 0x1, 0xff, 0xd2, 0x50, 0xf, 0xfe, 0x15,
    0x0, 0x7f, 0xf0, 0xa8, 0x3, 0xff, 0x84, 0xa0,
    0x1f, 0xfd, 0x23, 0x20, 0xf, 0xfe, 0x1, 0x31,
    0x0, 0x7f, 0xf0, 0x9, 0x88, 0x3, 0xff, 0x80,
    0x46, 0x1, 0xff, 0xd3, 0xe0, 0xf, 0xfe, 0x7,
    0x7, 0x0, 0x7f, 0xf0, 0x38, 0x38, 0x3, 0xff,
    0x81, 0xc0, 0x1f, 0xfd, 0x43, 0x70, 0xf, 0xf3,
    0x98, 0x1b, 0x80, 0x7f, 0x9c, 0xc0, 0xdc, 0x3,
    0xfc, 0xe6, 0x1, 0xff, 0xd5, 0x89, 0x0, 0xfd,
    0x30, 0x1, 0x44, 0x80, 0x7e, 0x98, 0x0, 0xa2,
    0x40, 0x3f, 0x4c, 0x0, 0x7f, 0xf5, 0xdb, 0x9c,
    0x80, 0x4, 0xfc, 0xc0, 0x1c, 0xdc, 0xe4, 0x0,
    0x27, 0xe6, 0x0, 0xe6, 0xe7, 0x20, 0x1, 0x3f,
    0x30, 0x7, 0xff, 0x28, 0x63, 0x7f, 0xdb, 0x2,
    0x1, 0xf0, 0xc6, 0xff, 0xb6, 0x4, 0x3, 0xe1,
    0x8d, 0xff, 0x6c, 0x8, 0x7, 0xc3, 0x1b, 0xfe,
    0xd8, 0x10, 0xf, 0x86, 0x37, 0xfd, 0xb0, 0x20,
    0x1f, 0x37, 0x39, 0x0, 0x9, 0xfd, 0x40, 0x3f,
    0xfc, 0xcd, 0xce, 0x40, 0x2, 0x7f, 0x50, 0xe,
    0x89, 0x0, 0xf8, 0x6a, 0x0, 0x3f, 0xfc, 0x91,
    0x20, 0x1f, 0xd, 0x40, 0x4, 0x6e, 0x1, 0xfe,
    0x73, 0x0, 0xff, 0xf1, 0x1b, 0x80, 0x7f, 0x9c,
    0xc0, 0x1c, 0x1, 0xff, 0xc0, 0xe0, 0xf, 0xff,
    0x17, 0x0, 0x7f, 0xf0, 0x38, 0xc, 0x80, 0x3f,
    0xf8, 0x4, 0x60, 0x1f, 0xfe, 0x3, 0x20, 0xf,
    0xfe, 0x1, 0x1a, 0x80, 0x7f, 0xf0, 0x94, 0x3,
    0xff, 0xc0, 0xa0, 0x1f, 0xfc, 0x25, 0x10, 0xf,
    0xfe, 0x10, 0x80, 0x7f, 0xf8, 0x4, 0x3, 0xff,
    0x84, 0x22, 0x0, 0xff, 0xe1, 0x8, 0x7, 0xff,
    0x80, 0x40, 0x3f, 0xf8, 0x42, 0xa0, 0x1f, 0xfc,
    0x25, 0x0, 0xff, 0xf0, 0x28, 0x7, 0xff, 0x9,
    0x4c, 0x80, 0x3f, 0xf8, 0x4, 0x60, 0x1f, 0xfe,
    0x3, 0x20, 0xf, 0xfe, 0x1, 0x18, 0x70, 0x7,
    0xff, 0x3, 0x80, 0x3f, 0xfc, 0x5c, 0x1, 0xff,
    0xc0, 0xe0, 0x1, 0xb8, 0x7, 0xf9, 0xcc, 0x3,
    0xff, 0xc4, 0x6e, 0x1, 0xfe, 0x73, 0x0, 0xa2,
    0x40, 0x3f, 0x4c, 0x0, 0x7f, 0xf9, 0x22, 0x40,
    0x3f, 0x4c, 0x0, 0x73, 0x73, 0x90, 0x0, 0x9f,
    0x98, 0x3, 0xff, 0xcc, 0xdc, 0xe4, 0x0, 0x27,
    0xe6, 0x0, 0xf8, 0x63, 0x7f, 0xdb, 0x2, 0x1,
    0xff, 0xff, 0x0, 0xff, 0xf4, 0x37, 0x39, 0x0,
    0x9, 0xfd, 0x40, 0x3f, 0xfe, 0xb1, 0x20, 0x1f,
    0xd, 0x40, 0x7, 0xff, 0xcc, 0xdc, 0x3, 0xfc,
    0xe6, 0x1, 0xff, 0xf2, 0xe0, 0xf, 0xfe, 0x7,
    0x0, 0x7f, 0xfc, 0x4c, 0x80, 0x3f, 0xf8, 0x4,
    0x60, 0x1f, 0xff, 0x5, 0x0, 0xff, 0xe1, 0x28,
    0x7, 0xff, 0xc0, 0x40, 0x3f, 0xf8, 0x42, 0x1,
    0xff, 0xf0, 0x10, 0xf, 0xfe, 0x10, 0x80, 0x7f,
    0xfc, 0x14, 0x3, 0xff, 0x84, 0xa0, 0x1f, 0xff,
    0x3, 0x20, 0xf, 0xfe, 0x1, 0x18, 0x7, 0xff,
    0xc7, 0x80, 0x3f, 0xf8, 0x1c, 0x1, 0xff, 0xf2,
    0x37, 0x0, 0xff, 0x39, 0x80, 0x7f, 0xfc, 0xe2,
    0x40, 0x3f, 0x4c, 0x0, 0x7f, 0xfd, 0x5b, 0x9c,
    0x80, 0x4, 0xfc, 0xc0, 0x1f, 0xfd, 0x91, 0x8d,
    0xff, 0x6c, 0x8, 0x7, 0xc3, 0x1b, 0xfe, 0xd8,
    0x10, 0xf, 0x86, 0x37, 0xfd, 0xb0, 0x20, 0x1f,
    0xfd, 0x96, 0xe7, 0x20, 0x1, 0x3f, 0xa8, 0x7,
    0x37, 0x39, 0x0, 0x9, 0xfd, 0x40, 0x3f, 0xfc,
    0xd1, 0x20, 0x1f, 0xd, 0x40, 0x5, 0x12, 0x1,
    0xf0, 0xd4, 0x0, 0x7f, 0xf9, 0xd, 0xc0, 0x3f,
    0xce, 0x60, 0x6e, 0x1, 0xfe, 0x73, 0x0, 0xff,
    0xf1, 0xf0, 0x7, 0xff, 0x3, 0x83, 0x80, 0x3f,
    0xf8, 0x1c, 0x1, 0xff, 0xe2, 0x32, 0x0, 0xff,
    0xe0, 0x13, 0x10, 0x7, 0xff, 0x0, 0x8c, 0x3,
    0xff, 0xc2, 0xa0, 0x1f, 0xfc, 0x2a, 0x0, 0xff,
    0xe1, 0x28, 0x7, 0xff, 0x84, 0x40, 0x3f, 0xf8,
    0x46, 0x1, 0xff, 0xc2, 0x10, 0xf, 0xff, 0x8,
    0x80, 0x7f, 0xf0, 0x8c, 0x3, 0xff, 0x84, 0x20,
    0x1f, 0xfe, 0x15, 0x0, 0xff, 0xe1, 0x50, 0x7,
    0xff, 0x9, 0x40, 0x3f, 0xfc, 0x26, 0x40, 0x1f,
    0xfc, 0x2, 0x62, 0x0, 0xff, 0xe0, 0x11, 0x80,
    0x7f, 0xf8, 0xb8, 0x3, 0xff, 0x81, 0xc1, 0xc0,
    0x1f, 0xfc, 0xe, 0x0, 0xff, 0xf1, 0x9b, 0x80,
    0x7f, 0x9c, 0xc0, 0xdc, 0x3, 0xfc, 0xe6, 0x1,
    0xff, 0xe4, 0x89, 0x0, 0xfd, 0x30, 0x1, 0x44,
    0x80, 0x7e, 0x98, 0x0, 0xff, 0xf3, 0x37, 0x39,
    0x0, 0x9, 0xf9, 0x80, 0x39, 0xb9, 0xc8, 0x0,
    0x4f, 0xcc, 0x1, 0xff, 0xe8, 0x18, 0xdf, 0xf6,
    0xc0, 0x80, 0x7c, 0x31, 0xbf, 0xed, 0x81, 0x0,
    0xf8, 0x63, 0x7f, 0xdb, 0x2, 0x1, 0xff, 0xf7,
    0x6e, 0x72, 0x0, 0x13, 0xfa, 0x80, 0x7f, 0xfd,
    0x62, 0x40, 0x3e, 0x1a, 0x80, 0xf, 0xff, 0x99,
    0xb8, 0x7, 0xf9, 0xcc, 0x3, 0xff, 0xe5, 0xc0,
    0x1f, 0xfc, 0xe, 0x0, 0xff, 0xf8, 0x99, 0x0,
    0x7f, 0xf0, 0x8, 0xc0, 0x3f, 0xfe, 0xa, 0x1,
    0xff, 0xc2, 0x50, 0xf, 0xff, 0x80, 0x80, 0x7f,
    0xf0, 0x84, 0x3, 0xff, 0xe0, 0x20, 0x1f, 0xfc,
    0x21, 0x0, 0xff, 0xf8, 0x28, 0x7, 0xff, 0x9,
    0x40, 0x3f, 0xfe, 0x6, 0x40, 0x1f, 0xfc, 0x2,
    0x30, 0xf, 0xff, 0x8f, 0x0, 0x7f, 0xf0, 0x38,
    0x3, 0xff, 0xe4, 0x6e, 0x1, 0xfe, 0x73, 0x0,
    0xff, 0xf9, 0xc4, 0x80, 0x7e, 0x98, 0x0, 0xff,
    0xfa, 0xb7, 0x39, 0x0, 0x9, 0xf9, 0x80, 0x3e,
    0x18, 0xdf, 0xf6, 0xc0, 0x80, 0x7f, 0xfd, 0xdb,
    0x9c, 0x80, 0x4, 0xfe, 0xa0, 0x1f, 0xfe, 0x66,
    0xe7, 0x20, 0x1, 0x3f, 0xa8, 0x7, 0x44, 0x80,
    0x7c, 0x35, 0x0, 0x1f, 0xfe, 0x48, 0x90, 0xf,
    0x86, 0xa0, 0x2, 0x37, 0x0, 0xff, 0x39, 0x80,
    0x7f, 0xf8, 0x8d, 0xc0, 0x3f, 0xce, 0x60, 0xe,
    0x0, 0xff, 0xe0, 0x70, 0x7, 0xff, 0x8b, 0x80,
    0x3f, 0xf8, 0x1c, 0x6, 0x40, 0x1f, 0xfc, 0x2,
    0x30, 0xf, 0xff, 0x1, 0x90, 0x7, 0xff, 0x0,
    0x8d, 0x40, 0x3f, 0xf8, 0x4a, 0x1, 0xff, 0xe0,
    0x50, 0xf, 0xfe, 0x12, 0x88, 0x7, 0xff, 0x8,
    0x40, 0x3f, 0xfc, 0x2, 0x1, 0xff, 0xc2, 0x11,
    0x0, 0x7f, 0xf0, 0x84, 0x3, 0xff, 0xc0, 0x20,
    0x1f, 0xfc, 0x21, 0x50, 0xf, 0xfe, 0x12, 0x80,
    0x7f, 0xf8, 0x14, 0x3, 0xff, 0x84, 0xa6, 0x40,
    0x1f, 0xfc, 0x2, 0x30, 0xf, 0xff, 0x1, 0x90,
    0x7, 0xff, 0x0, 0x8c, 0x38, 0x3, 0xff, 0x81,
    0xc0, 0x1f, 0xfe, 0x2e, 0x0, 0xff, 0xe0, 0x70,
    0x0, 0xdc, 0x3, 0xfc, 0xe6, 0x1, 0xff, 0xe2,
    0x37, 0x0, 0xff, 0x39, 0x80, 0x51, 0x20, 0x1f,
    0xa6, 0x0, 0x3f, 0xfc, 0x91, 0x20, 0x1f, 0xa6,
    0x0, 0x39, 0xb9, 0xc8, 0x0, 0x4f, 0xcc, 0x1,
    0xff, 0xe6, 0x6e, 0x72, 0x0, 0x13, 0xf3, 0x0,
    0x7c, 0x31, 0xbf, 0xed, 0x81, 0x0, 0xf8, 0x63,
    0x7f, 0xdb, 0x2, 0x1, 0xf0, 0xc6, 0xff, 0xb6,
    0x4, 0x3, 0xe1, 0x8d, 0xff, 0x6c, 0x8, 0x7,
    0xc3, 0x1b, 0xfe, 0xd8, 0x10, 0xf, 0xfe, 0x53,
    0x73, 0x90, 0x0, 0x9f, 0xd4, 0x3, 0x9b, 0x9c,
    0x80, 0x4, 0xfe, 0xa0, 0x1c, 0xdc, 0xe4, 0x0,
    0x27, 0xf5, 0x0, 0xff, 0xeb, 0xc4, 0x80, 0x7c,
    0x35, 0x0, 0x14, 0x48, 0x7, 0xc3, 0x50, 0x1,
    0x44, 0x80, 0x7c, 0x35, 0x0, 0x1f, 0xfd, 0x53,
    0x70, 0xf, 0xf3, 0x98, 0x1b, 0x80, 0x7f, 0x9c,
    0xc0, 0xdc, 0x3, 0xfc, 0xe6, 0x1, 0xff, 0xd4,
    0xe0, 0xf, 0xfe, 0x7, 0x7, 0x0, 0x7f, 0xf0,
    0x38, 0x38, 0x3, 0xff, 0x81, 0xc0, 0x1f, 0xfd,
    0x33, 0x20, 0xf, 0xfe, 0x1, 0x31, 0x0, 0x7f,
    0xf0, 0x9, 0x88, 0x3, 0xff, 0x80, 0x46, 0x1,
    0xff, 0xd2, 0x50, 0xf, 0xfe, 0x15, 0x0, 0x7f,
    0xf0, 0xa8, 0x3, 0xff, 0x84, 0xa0, 0x1f, 0xfd,
    0x21, 0x0, 0xff, 0xe1, 0x18, 0x7, 0xff, 0x8,
    0xc0, 0x3f, 0xf8, 0x42, 0x1, 0xff, 0xd2, 0x10,
    0xf, 0xfe, 0x11, 0x80, 0x7f, 0xf0, 0x8c, 0x3,
    0xff, 0x84, 0x20, 0x1f, 0xfd, 0x25, 0x0, 0xff,
    0xe1, 0x50, 0x7, 0xff, 0xa, 0x80, 0x3f, 0xf8,
    0x4a, 0x1, 0xff, 0xd2, 0x32, 0x0, 0xff, 0xe0,
    0x13, 0x10, 0x7, 0xff, 0x0, 0x98, 0x80, 0x3f,
    0xf8, 0x4, 0x60, 0x1f, 0xfd, 0x3e, 0x0, 0xff,
    0xe0, 0x70, 0x70, 0x7, 0xff, 0x3, 0x83, 0x80,
    0x3f, 0xf8, 0x1c, 0x1, 0xff, 0xd4, 0x37, 0x0,
    0xff, 0x39, 0x81, 0xb8, 0x7, 0xf9, 0xcc, 0xd,
    0xc0, 0x3f, 0xce, 0x60, 0x1f, 0xfd, 0x58, 0x90,
    0xf, 0xd3, 0x0, 0x14, 0x48, 0x7, 0xe9, 0x80,
    0xa, 0x24, 0x3, 0xf4, 0xc0, 0x7, 0xff, 0x5d,
    0xb9, 0xc8, 0x0, 0x4f, 0xcc, 0x1, 0xcd, 0xce,
    0x40, 0x2, 0x7e, 0x60, 0xe, 0x6e, 0x72, 0x0,
    0x13, 0xf3, 0x0, 0x7f, 0xf1, 0x80,

    /* U+0034 "4" */
    0x0, 0xff, 0xf2, 0x8c, 0x6f, 0xfb, 0x60, 0x40,
    0x3f, 0xfe, 0xed, 0xce, 0x40, 0x2, 0x7f, 0x50,
    0xf, 0xff, 0xac, 0x48, 0x7, 0xc3, 0x50, 0x1,
    0xff, 0xf3, 0x37, 0x0, 0xff, 0x39, 0x80, 0x7f,
    0xfc, 0xb8, 0x3, 0xff, 0x81, 0xc0, 0x1f, 0xff,
    0x13, 0x20, 0xf, 0xfe, 0x1, 0x18, 0x7, 0xff,
    0xc1, 0x40, 0x3f, 0xf8, 0x4a, 0x1, 0xff, 0xf0,
    0x10, 0xf, 0xfe, 0x10, 0x80, 0x7f, 0xfc, 0x4,
    0x3, 0xff, 0x84, 0x20, 0x1f, 0xff, 0x5, 0x0,
    0xff, 0xe1, 0x28, 0x7, 0xff, 0xc0, 0xc8, 0x3,
    0xff, 0x80, 0x46, 0x1, 0xff, 0xf1, 0xe0, 0xf,
    0xfe, 0x7, 0x0, 0x7f, 0xfc, 0x8d, 0xc0, 0x3f,
    0xce, 0x60, 0x1f, 0xff, 0x38, 0x90, 0xf, 0xd3,
    0x0, 0x1f, 0xff, 0x56, 0xe7, 0x20, 0x1, 0x3f,
    0x30, 0x7, 0xff, 0xa0, 0x63, 0x7f, 0xdb, 0x2,
    0x1, 0xff, 0xf7, 0x6e, 0x72, 0x0, 0x13, 0xfa,
    0x80, 0x73, 0x73, 0x90, 0x0, 0x9f, 0xd4, 0x3,
    0xff, 0xcd, 0x12, 0x1, 0xf0, 0xd4, 0x0, 0x51,
    0x20, 0x1f, 0xd, 0x40, 0x7, 0xff, 0x90, 0xdc,
    0x3, 0xfc, 0xe6, 0x6, 0xe0, 0x1f, 0xe7, 0x30,
    0xf, 0xff, 0x1f, 0x0, 0x7f, 0xf0, 0x38, 0x38,
    0x3, 0xff, 0x81, 0xc0, 0x1f, 0xfe, 0x23, 0x20,
    0xf, 0xfe, 0x1, 0x31, 0x0, 0x7f, 0xf0, 0x8,
    0xc0, 0x3f, 0xfc, 0x2a, 0x1, 0xff, 0xc2, 0xa0,
    0xf, 0xfe, 0x12, 0x80, 0x7f, 0xf8, 0x44, 0x3,
    0xff, 0x84, 0x60, 0x1f, 0xfc, 0x21, 0x0, 0xff,
    0xf0, 0x88, 0x7, 0xff, 0x8, 0xc0, 0x3f, 0xf8,
    0x42, 0x1, 0xff, 0xe1, 0x50, 0xf, 0xfe, 0x15,
    0x0, 0x7f, 0xf0, 0x94, 0x3, 0xff, 0xc2, 0x64,
    0x1, 0xff, 0xc0, 0x26, 0x20, 0xf, 0xfe, 0x1,
    0x18, 0x7, 0xff, 0x8b, 0x80, 0x3f, 0xf8, 0x1c,
    0x1c, 0x1, 0xff, 0xc0, 0xe0, 0xf, 0xff, 0x19,
    0xb8, 0x7, 0xf9, 0xcc, 0xd, 0xc0, 0x3f, 0xce,
    0x60, 0x1f, 0xfe, 0x48, 0x90, 0xf, 0xd3, 0x0,
    0x14, 0x48, 0x7, 0xe9, 0x80, 0xf, 0xff, 0x33,
    0x73, 0x90, 0x0, 0x9f, 0x98, 0x3, 0x9b, 0x9c,
    0x80, 0x4, 0xfc, 0xc0, 0x1f, 0xfd, 0x91, 0x8d,
    0xff, 0x6c, 0x8, 0x7, 0xc3, 0x1b, 0xfe, 0xd8,
    0x10, 0xf, 0xff, 0x43, 0x73, 0x90, 0x0, 0x9f,
    0xd4, 0x3, 0xff, 0x90, 0xdc, 0xe4, 0x0, 0x27,
    0xf5, 0x0, 0xff, 0xeb, 0xc4, 0x80, 0x7c, 0x35,
    0x0, 0x1f, 0xfc, 0x68, 0x90, 0xf, 0x86, 0xa0,
    0x3, 0xff, 0xaa, 0x6e, 0x1, 0xfe, 0x73, 0x0,
    0xff, 0xe2, 0x1b, 0x80, 0x7f, 0x9c, 0xc0, 0x3f,
    0xfa, 0x9c, 0x1, 0xff, 0xc0, 0xe0, 0xf, 0xfe,
    0x27, 0x0, 0x7f, 0xf0, 0x38, 0x3, 0xff, 0xa6,
    0x64, 0x1, 0xff, 0xc0, 0x23, 0x0, 0xff, 0xe1,
    0x19, 0x0, 0x7f, 0xf0, 0x8, 0xc0, 0x3f, 0xfa,
    0x4a, 0x1, 0xff, 0xc2, 0x50, 0xf, 0xfe, 0x12,
    0x80, 0x7f, 0xf0, 0x94, 0x3, 0xff, 0xa4, 0x20,
    0x1f, 0xfc, 0x21, 0x0, 0xff, 0xe1, 0x8, 0x7,
    0xff, 0x8, 0x40, 0x3f, 0xfa, 0x42, 0x1, 0xff,
    0xc2, 0x10, 0xf, 0xfe, 0x10, 0x80, 0x7f, 0xf0,
    0x84, 0x3, 0xff, 0xa4, 0xa0, 0x1f, 0xfc, 0x25,
    0x0, 0xff, 0xe1, 0x28, 0x7, 0xff, 0x9, 0x40,
    0x3f, 0xfa, 0x46, 0x40, 0x1f, 0xfc, 0x2, 0x30,
    0xf, 0xfe, 0x11, 0x90, 0x7, 0xff, 0x0, 0x8c,
    0x3, 0xff, 0xa7, 0xc0, 0x1f, 0xfc, 0xe, 0x0,
    0xff, 0xe2, 0x70, 0x7, 0xff, 0x3, 0x80, 0x3f,
    0xfa, 0x86, 0xe0, 0x1f, 0xe7, 0x30, 0xf, 0xfe,
    0x21, 0xb8, 0x7, 0xf9, 0xcc, 0x3, 0xff, 0xab,
    0x12, 0x1, 0xfa, 0x60, 0x3, 0xff, 0x8d, 0x12,
    0x1, 0xfa, 0x60, 0x3, 0xff, 0xae, 0xdc, 0xe4,
    0x0, 0x27, 0xe6, 0x0, 0xff, 0xe4, 0x37, 0x39,
    0x0, 0x9, 0xf9, 0x80, 0x3f, 0xf9, 0x43, 0x1b,
    0xfe, 0xd8, 0x10, 0xf, 0x86, 0x37, 0xfd, 0xb0,
    0x20, 0x1f, 0xfe, 0x86, 0xe7, 0x20, 0x1, 0x3f,
    0xa8, 0x7, 0xff, 0x5d, 0xb9, 0xc8, 0x0, 0x4f,
    0xea, 0x1, 0xff, 0xc8, 0x89, 0x0, 0xf8, 0x6a,
    0x0, 0x3f, 0xfa, 0xb1, 0x20, 0x1f, 0xd, 0x40,
    0x7, 0xff, 0x18, 0xdc, 0x3, 0xfc, 0xe6, 0x1,
    0xff, 0xd3, 0x37, 0x0, 0xff, 0x39, 0x80, 0x7f,
    0xf1, 0x78, 0x3, 0xff, 0x81, 0xc0, 0x1f, 0xfd,
    0x3e, 0x0, 0xff, 0xe0, 0x70, 0x7, 0xff, 0x10,
    0xc8, 0x3, 0xff, 0x80, 0x46, 0x1, 0xff, 0xd1,
    0x32, 0x0, 0xff, 0xe0, 0x11, 0x80, 0x7f, 0xf0,
    0xd4, 0x3, 0xff, 0x84, 0xa0, 0x1f, 0xfd, 0x15,
    0x0, 0xff, 0xe1, 0x28, 0x7, 0xff, 0xc, 0x40,
    0x3f, 0xf8, 0x42, 0x1, 0xff, 0xd1, 0x10, 0xf,
    0xfe, 0x10, 0x80, 0x7f, 0xf0, 0xc4, 0x3, 0xff,
    0x84, 0x20, 0x1f, 0xfd, 0x11, 0x0, 0xff, 0xe1,
    0x8, 0x7, 0xff, 0xd, 0x40, 0x3f, 0xf8, 0x4a,
    0x1, 0xff, 0xd1, 0x50, 0xf, 0xfe, 0x12, 0x80,
    0x7f, 0xf0, 0xcc, 0x80, 0x3f, 0xf8, 0x4, 0x60,
    0x1f, 0xfd, 0x13, 0x20, 0xf, 0xfe, 0x1, 0x18,
    0x7, 0xff, 0x13, 0x80, 0x3f, 0xf8, 0x1c, 0x1,
    0xff, 0xd3, 0xe0, 0xf, 0xfe, 0x7, 0x0, 0x7f,
    0xf1, 0x4d, 0xc0, 0x3f, 0xce, 0x60, 0x1f, 0xfd,
    0x33, 0x70, 0xf, 0xf3, 0x98, 0x7, 0xff, 0x1a,
    0x24, 0x3, 0xf4, 0xc0, 0x7, 0xff, 0x56, 0x24,
    0x3, 0xf4, 0xc0, 0x7, 0xff, 0x21, 0xb9, 0xc8,
    0x0, 0x4f, 0xcc, 0x1, 0xff, 0xd7, 0x6e, 0x72,
    0x0, 0x13, 0xf3, 0x0, 0x7f, 0xf6, 0x46, 0x37,
    0xfd, 0xb0, 0x20, 0x1f, 0xc, 0x6f, 0xfb, 0x60,
    0x40, 0x3f, 0xf9, 0x43, 0x1b, 0xfe, 0xd8, 0x10,
    0xf, 0x9b, 0x9c, 0x80, 0x4, 0xfe, 0xa0, 0x1c,
    0xdc, 0xe4, 0x0, 0x27, 0xf5, 0x0, 0xe6, 0xe7,
    0x20, 0x1, 0x3f, 0xa8, 0x7, 0x37, 0x39, 0x0,
    0x9, 0xfd, 0x40, 0x39, 0xb9, 0xc8, 0x0, 0x4f,
    0xea, 0x1, 0xd1, 0x20, 0x1f, 0xd, 0x40, 0x5,
    0x12, 0x1, 0xf0, 0xd4, 0x0, 0x51, 0x20, 0x1f,
    0xd, 0x40, 0x5, 0x12, 0x1, 0xf0, 0xd4, 0x0,
    0x51, 0x20, 0x1f, 0xd, 0x40, 0x4, 0x6e, 0x1,
    0xfe, 0x73, 0x3, 0x70, 0xf, 0xf3, 0x98, 0x1b,
    0x80, 0x7f, 0x9c, 0xc0, 0xdc, 0x3, 0xfc, 0xe6,
    0x6, 0xe0, 0x1f, 0xe7, 0x30, 0x7, 0x0, 0x7f,
    0xf0, 0x38, 0x38, 0x3, 0xff, 0x81, 0xc1, 0xc0,
    0x1f, 0xfc, 0xe, 0xe, 0x0, 0xff, 0xe0, 0x70,
    0x70, 0x7, 0xff, 0x3, 0x80, 0xc8, 0x3, 0xff,
    0x80, 0x4c, 0x40, 0x1f, 0xfc, 0x2, 0x62, 0x0,
    0xff, 0xe0, 0x13, 0x10, 0x7, 0xff, 0x0, 0x98,
    0x80, 0x3f, 0xf8, 0x4, 0x6a, 0x1, 0xff, 0xc2,
    0xa0, 0xf, 0xfe, 0x15, 0x0, 0x7f, 0xf0, 0xa8,
    0x3, 0xff, 0x85, 0x40, 0x1f, 0xfc, 0x25, 0x10,
    0xf, 0xfe, 0x11, 0x80, 0x7f, 0xf0, 0x8c, 0x3,
    0xff, 0x84, 0x60, 0x1f, 0xfc, 0x23, 0x0, 0xff,
    0xe1, 0x8, 0x80, 0x3f, 0xf8, 0x46, 0x1, 0xff,
    0xc2, 0x30, 0xf, 0xfe, 0x11, 0x80, 0x7f, 0xf0,
    0x8c, 0x3, 0xff, 0x84, 0x2a, 0x1, 0xff, 0xc2,
    0xa0, 0xf, 0xfe, 0x15, 0x0, 0x7f, 0xf0, 0xa8,
    0x3, 0xff, 0x85, 0x40, 0x1f, 0xfc, 0x25, 0x32,
    0x0, 0xff, 0xe0, 0x13, 0x10, 0x7, 0xff, 0x0,
    0x98, 0x80, 0x3f, 0xf8, 0x4, 0xc4, 0x1, 0xff,
    0xc0, 0x26, 0x20, 0xf, 0xfe, 0x1, 0x18, 0x70,
    0x7, 0xff, 0x3, 0x83, 0x80, 0x3f, 0xf8, 0x1c,
    0x1c, 0x1, 0xff, 0xc0, 0xe0, 0xe0, 0xf, 0xfe,
    0x7, 0x7, 0x0, 0x7f, 0xf0, 0x38, 0x0, 0x6e,
    0x1, 0xfe, 0x73, 0x3, 0x70, 0xf, 0xf3, 0x98,
    0x1b, 0x80, 0x7f, 0x9c, 0xc0, 0xdc, 0x3, 0xfc,
    0xe6, 0x6, 0xe0, 0x1f, 0xe7, 0x30, 0xa, 0x24,
    0x3, 0xf4, 0xc0, 0x5, 0x12, 0x1, 0xfa, 0x60,
    0x2, 0x89, 0x0, 0xfd, 0x30, 0x1, 0x44, 0x80,
    0x7e, 0x98, 0x0, 0xa2, 0x40, 0x3f, 0x4c, 0x0,
    0x73, 0x73, 0x90, 0x0, 0x9f, 0x98, 0x3, 0x9b,
    0x9c, 0x80, 0x4, 0xfc, 0xc0, 0x1c, 0xdc, 0xe4,
    0x0, 0x27, 0xe6, 0x0, 0xe6, 0xe7, 0x20, 0x1,
    0x3f, 0x30, 0x7, 0x37, 0x39, 0x0, 0x9, 0xf9,
    0x80, 0x3e, 0x18, 0xdf, 0xf6, 0xc0, 0x80, 0x7c,
    0x31, 0xbf, 0xed, 0x81, 0x0, 0xf8, 0x63, 0x7f,
    0xdb, 0x2, 0x1, 0xff, 0xca, 0x18, 0xdf, 0xf6,
    0xc0, 0x80, 0x7f, 0xfa, 0x1b, 0x9c, 0x80, 0x4,
    0xfe, 0xa0, 0x1f, 0xff, 0x58, 0x90, 0xf, 0x86,
    0xa0, 0x3, 0xff, 0xe6, 0x6e, 0x1, 0xfe, 0x73,
    0x0, 0xff, 0xf9, 0x70, 0x7, 0xff, 0x3, 0x80,
    0x3f, 0xfe, 0x26, 0x40, 0x1f, 0xfc, 0x2, 0x30,
    0xf, 0xff, 0x82, 0x80, 0x7f, 0xf0, 0x94, 0x3,
    0xff, 0xe0, 0x20, 0x1f, 0xfc, 0x21, 0x0, 0xff,
    0xf8, 0x8, 0x7, 0xff, 0x8, 0x40, 0x3f, 0xfe,
    0xa, 0x1, 0xff, 0xc2, 0x50, 0xf, 0xff, 0x81,
    0x90, 0x7, 0xff, 0x0, 0x8c, 0x3, 0xff, 0xe3,
    0xc0, 0x1f, 0xfc, 0xe, 0x0, 0xff, 0xf9, 0x1b,
    0x80, 0x7f, 0x9c, 0xc0, 0x3f, 0xfe, 0x71, 0x20,
    0x1f, 0xa6, 0x0, 0x3f, 0xfe, 0xad, 0xce, 0x40,
    0x2, 0x7e, 0x60, 0xf, 0xff, 0xf8, 0x7, 0xff,
    0xdd, 0xb9, 0xc8, 0x0, 0x4f, 0xea, 0x1, 0xff,
    0xf5, 0x89, 0x0, 0xf8, 0x6a, 0x0, 0x3f, 0xfe,
    0x66, 0xe0, 0x1f, 0xe7, 0x30, 0xf, 0xff, 0x97,
    0x0, 0x7f, 0xf0, 0x38, 0x3, 0xff, 0xe2, 0x64,
    0x1, 0xff, 0xc0, 0x23, 0x0, 0xff, 0xf8, 0x28,
    0x7, 0xff, 0x9, 0x40, 0x3f, 0xfe, 0x2, 0x1,
    0xff, 0xc2, 0x10, 0xf, 0xff, 0x80, 0x80, 0x7f,
    0xf0, 0x84, 0x3, 0xff, 0xe0, 0xa0, 0x1f, 0xfc,
    0x25, 0x0, 0xff, 0xf8, 0x19, 0x0, 0x7f, 0xf0,
    0x8, 0xc0, 0x3f, 0xfe, 0x3c, 0x1, 0xff, 0xc0,
    0xe0, 0xf, 0xff, 0x91, 0xb8, 0x7, 0xf9, 0xcc,
    0x3, 0xff, 0xe7, 0x12, 0x1, 0xfa, 0x60, 0x3,
    0xff, 0xea, 0xdc, 0xe4, 0x0, 0x27, 0xe6, 0x0,
    0xff, 0xe3, 0x0,

    /* U+0035 "5" */
    0x0, 0xc3, 0x1b, 0xfe, 0xd8, 0x10, 0xf, 0x86,
    0x37, 0xfd, 0xb0, 0x20, 0x1f, 0xc, 0x6f, 0xfb,
    0x60, 0x40, 0x3e, 0x18, 0xdf, 0xf6, 0xc0, 0x80,
    0x7c, 0x31, 0xbf, 0xed, 0x81, 0x0, 0xf9, 0xb9,
    0xc8, 0x0, 0x4f, 0xea, 0x1, 0xcd, 0xce, 0x40,
    0x2, 0x7f, 0x50, 0xe, 0x6e, 0x72, 0x0, 0x13,
    0xfa, 0x80, 0x73, 0x73, 0x90, 0x0, 0x9f, 0xd4,
    0x3, 0x9b, 0x9c, 0x80, 0x4, 0xfe, 0xa0, 0x1d,
    0x12, 0x1, 0xf0, 0xd4, 0x0, 0x51, 0x20, 0x1f,
    0xd, 0x40, 0x5, 0x12, 0x1, 0xf0, 0xd4, 0x0,
    0x51, 0x20, 0x1f, 0xd, 0x40, 0x5, 0x12, 0x1,
    0xf0, 0xd4, 0x0, 0x46, 0xe0, 0x1f, 0xe7, 0x30,
    0x37, 0x0, 0xff, 0x39, 0x81, 0xb8, 0x7, 0xf9,
    0xcc, 0xd, 0xc0, 0x3f, 0xce, 0x60, 0x6e, 0x1,
    0xfe, 0x73, 0x0, 0x70, 0x7, 0xff, 0x3, 0x83,
    0x80, 0x3f, 0xf8, 0x1c, 0x1c, 0x1, 0xff, 0xc0,
    0xe0, 0xe0, 0xf, 0xfe, 0x7, 0x7, 0x0, 0x7f,
    0xf0, 0x38, 0xc, 0x80, 0x3f, 0xf8, 0x4, 0xc4,
    0x1, 0xff, 0xc0, 0x26, 0x20, 0xf, 0xfe, 0x1,
    0x31, 0x0, 0x7f, 0xf0, 0x9, 0x88, 0x3, 0xff,
    0x80, 0x46, 0xa0, 0x1f, 0xfc, 0x2a, 0x0, 0xff,
    0xe1, 0x50, 0x7, 0xff, 0xa, 0x80, 0x3f, 0xf8,
    0x54, 0x1, 0xff, 0xc2, 0x51, 0x0, 0xff, 0xe1,
    0x18, 0x7, 0xff, 0x8, 0xc0, 0x3f, 0xf8, 0x46,
    0x1, 0xff, 0xc2, 0x30, 0xf, 0xfe, 0x10, 0x88,
    0x3, 0xff, 0x84, 0x60, 0x1f, 0xfc, 0x23, 0x0,
    0xff, 0xe1, 0x18, 0x7, 0xff, 0x8, 0xc0, 0x3f,
    0xf8, 0x42, 0xa0, 0x1f, 0xfc, 0x2a, 0x0, 0xff,
    0xe1, 0x50, 0x7, 0xff, 0xa, 0x80, 0x3f, 0xf8,
    0x54, 0x1, 0xff, 0xc2, 0x53, 0x20, 0xf, 0xfe,
    0x1, 0x31, 0x0, 0x7f, 0xf0, 0x9, 0x88, 0x3,
    0xff, 0x80, 0x4c, 0x40, 0x1f, 0xfc, 0x2, 0x62,
    0x0, 0xff, 0xe0, 0x11, 0x87, 0x0, 0x7f, 0xf0,
    0x38, 0x38, 0x3, 0xff, 0x81, 0xc1, 0xc0, 0x1f,
    0xfc, 0xe, 0xe, 0x0, 0xff, 0xe0, 0x70, 0x70,
    0x7, 0xff, 0x3, 0x80, 0x6, 0xe0, 0x1f, 0xe7,
    0x30, 0x37, 0x0, 0xff, 0x39, 0x81, 0xb8, 0x7,
    0xf9, 0xcc, 0xd, 0xc0, 0x3f, 0xce, 0x60, 0x6e,
    0x1, 0xfe, 0x73, 0x0, 0xa2, 0x40, 0x3f, 0x4c,
    0x0, 0x51, 0x20, 0x1f, 0xa6, 0x0, 0x28, 0x90,
    0xf, 0xd3, 0x0, 0x14, 0x48, 0x7, 0xe9, 0x80,
    0xa, 0x24, 0x3, 0xf4, 0xc0, 0x7, 0x37, 0x39,
    0x0, 0x9, 0xf9, 0x80, 0x39, 0xb9, 0xc8, 0x0,
    0x4f, 0xcc, 0x1, 0xcd, 0xce, 0x40, 0x2, 0x7e,
    0x60, 0xe, 0x6e, 0x72, 0x0, 0x13, 0xf3, 0x0,
    0x73, 0x73, 0x90, 0x0, 0x9f, 0x98, 0x3, 0xff,
    0x94, 0x31, 0xbf, 0xed, 0x81, 0x0, 0xf8, 0x63,
    0x7f, 0xdb, 0x2, 0x1, 0xf0, 0xc6, 0xff, 0xb6,
    0x4, 0x3, 0xe1, 0x8d, 0xff, 0x6c, 0x8, 0x7,
    0xcd, 0xce, 0x40, 0x2, 0x7f, 0x50, 0xf, 0xff,
    0xac, 0x48, 0x7, 0xc3, 0x50, 0x1, 0xff, 0xf3,
    0x37, 0x0, 0xff, 0x39, 0x80, 0x7f, 0xfc, 0xb8,
    0x3, 0xff, 0x81, 0xc0, 0x1f, 0xff, 0x13, 0x20,
    0xf, 0xfe, 0x1, 0x18, 0x7, 0xff, 0xc1, 0x40,
    0x3f, 0xf8, 0x4a, 0x1, 0xff, 0xf0, 0x10, 0xf,
    0xfe, 0x10, 0x80, 0x7f, 0xfc, 0x4, 0x3, 0xff,
    0x84, 0x20, 0x1f, 0xff, 0x5, 0x0, 0xff, 0xe1,
    0x28, 0x7, 0xff, 0xc0, 0xc8, 0x3, 0xff, 0x80,
    0x46, 0x1, 0xff, 0xf1, 0xe0, 0xf, 0xfe, 0x7,
    0x0, 0x7f, 0xfc, 0x8d, 0xc0, 0x3f, 0xce, 0x60,
    0x1f, 0xff, 0x38, 0x90, 0xf, 0xd3, 0x0, 0x1f,
    0xff, 0x56, 0xe7, 0x20, 0x1, 0x3f, 0x30, 0x7,
    0xff, 0xfc, 0x3, 0xff, 0xee, 0xdc, 0xe4, 0x0,
    0x27, 0xf5, 0x0, 0xff, 0xfa, 0xc4, 0x80, 0x7c,
    0x35, 0x0, 0x1f, 0xff, 0x33, 0x70, 0xf, 0xf3,
    0x98, 0x7, 0xff, 0xcb, 0x80, 0x3f, 0xf8, 0x1c,
    0x1, 0xff, 0xf1, 0x32, 0x0, 0xff, 0xe0, 0x11,
    0x80, 0x7f, 0xfc, 0x14, 0x3, 0xff, 0x84, 0xa0,
    0x1f, 0xff, 0x1, 0x0, 0xff, 0xe1, 0x8, 0x7,
    0xff, 0xc0, 0x40, 0x3f, 0xf8, 0x42, 0x1, 0xff,
    0xf0, 0x50, 0xf, 0xfe, 0x12, 0x80, 0x7f, 0xfc,
    0xc, 0x80, 0x3f, 0xf8, 0x4, 0x60, 0x1f, 0xff,
    0x1e, 0x0, 0xff, 0xe0, 0x70, 0x7, 0xff, 0xc8,
    0xdc, 0x3, 0xfc, 0xe6, 0x1, 0xff, 0xf3, 0x89,
    0x0, 0xfd, 0x30, 0x1, 0xff, 0xf5, 0x6e, 0x72,
    0x0, 0x13, 0xf3, 0x0, 0x7f, 0xff, 0xc0, 0x3e,
    0x18, 0xdf, 0xf6, 0xc0, 0x80, 0x7c, 0x31, 0xbf,
    0xed, 0x81, 0x0, 0xf8, 0x63, 0x7f, 0xdb, 0x2,
    0x1, 0xff, 0xca, 0x6e, 0x72, 0x0, 0x13, 0xfa,
    0x80, 0x73, 0x73, 0x90, 0x0, 0x9f, 0xd4, 0x3,
    0x9b, 0x9c, 0x80, 0x4, 0xfe, 0xa0, 0x1c, 0xdc,
    0xe4, 0x0, 0x27, 0xf5, 0x0, 0xff, 0xe4, 0x44,
    0x80, 0x7c, 0x35, 0x0, 0x14, 0x48, 0x7, 0xc3,
    0x50, 0x1, 0x44, 0x80, 0x7c, 0x35, 0x0, 0x14,
    0x48, 0x7, 0xc3, 0x50, 0x1, 0xff, 0xc6, 0x37,
    0x0, 0xff, 0x39, 0x81, 0xb8, 0x7, 0xf9, 0xcc,
    0xd, 0xc0, 0x3f, 0xce, 0x60, 0x6e, 0x1, 0xfe,
    0x73, 0x0, 0xff, 0xe2, 0xf0, 0x7, 0xff, 0x3,
    0x83, 0x80, 0x3f, 0xf8, 0x1c, 0x1c, 0x1, 0xff,
    0xc0, 0xe0, 0xe0, 0xf, 0xfe, 0x7, 0x0, 0x7f,
    0xf1, 0xc, 0x80, 0x3f, 0xf8, 0x4, 0xc4, 0x1,
    0xff, 0xc0, 0x26, 0x20, 0xf, 0xfe, 0x1, 0x31,
    0x0, 0x7f, 0xf0, 0x8, 0xc0, 0x3f, 0xf8, 0x6a,
    0x1, 0xff, 0xc2, 0xa0, 0xf, 0xfe, 0x15, 0x0,
    0x7f, 0xf0, 0xa8, 0x3, 0xff, 0x84, 0xa0, 0x1f,
    0xfc, 0x31, 0x0, 0xff, 0xe1, 0x18, 0x7, 0xff,
    0x8, 0xc0, 0x3f, 0xf8, 0x46, 0x1, 0xff, 0xc2,
    0x10, 0xf, 0xfe, 0x18, 0x80, 0x7f, 0xf0, 0x8c,
    0x3, 0xff, 0x84, 0x60, 0x1f, 0xfc, 0x23, 0x0,
    0xff, 0xe1, 0x8, 0x7, 0xff, 0xd, 0x40, 0x3f,
    0xf8, 0x54, 0x1, 0xff, 0xc2, 0xa0, 0xf, 0xfe,
    0x15, 0x0, 0x7f, 0xf0, 0x94, 0x3, 0xff, 0x86,
    0x64, 0x1, 0xff, 0xc0, 0x26, 0x20, 0xf, 0xfe,
    0x1, 0x31, 0x0, 0x7f, 0xf0, 0x9, 0x88, 0x3,
    0xff, 0x80, 0x46, 0x1, 0xff, 0xc4, 0xe0, 0xf,
    0xfe, 0x7, 0x7, 0x0, 0x7f, 0xf0, 0x38, 0x38,
    0x3, 0xff, 0x81, 0xc1, 0xc0, 0x1f, 0xfc, 0xe,
    0x0, 0xff, 0xe2, 0x9b, 0x80, 0x7f, 0x9c, 0xc0,
    0xdc, 0x3, 0xfc, 0xe6, 0x6, 0xe0, 0x1f, 0xe7,
    0x30, 0x37, 0x0, 0xff, 0x39, 0x80, 0x7f, 0xf1,
    0xa2, 0x40, 0x3f, 0x4c, 0x0, 0x51, 0x20, 0x1f,
    0xa6, 0x0, 0x28, 0x90, 0xf, 0xd3, 0x0, 0x14,
    0x48, 0x7, 0xe9, 0x80, 0xf, 0xfe, 0x43, 0x73,
    0x90, 0x0, 0x9f, 0x98, 0x3, 0x9b, 0x9c, 0x80,
    0x4, 0xfc, 0xc0, 0x1c, 0xdc, 0xe4, 0x0, 0x27,
    0xe6, 0x0, 0xe6, 0xe7, 0x20, 0x1, 0x3f, 0x30,
    0x7, 0xff, 0x28, 0x63, 0x7f, 0xdb, 0x2, 0x1,
    0xf0, 0xc6, 0xff, 0xb6, 0x4, 0x3, 0xe1, 0x8d,
    0xff, 0x6c, 0x8, 0x7, 0xc3, 0x1b, 0xfe, 0xd8,
    0x10, 0xf, 0x86, 0x37, 0xfd, 0xb0, 0x20, 0x1f,
    0xff, 0x76, 0xe7, 0x20, 0x1, 0x3f, 0xa8, 0x7,
    0xff, 0xd6, 0x24, 0x3, 0xe1, 0xa8, 0x0, 0xff,
    0xf9, 0x9b, 0x80, 0x7f, 0x9c, 0xc0, 0x3f, 0xfe,
    0x5c, 0x1, 0xff, 0xc0, 0xe0, 0xf, 0xff, 0x89,
    0x90, 0x7, 0xff, 0x0, 0x8c, 0x3, 0xff, 0xe0,
    0xa0, 0x1f, 0xfc, 0x25, 0x0, 0xff, 0xf8, 0x8,
    0x7, 0xff, 0x8, 0x40, 0x3f, 0xfe, 0x2, 0x1,
    0xff, 0xc2, 0x10, 0xf, 0xff, 0x82, 0x80, 0x7f,
    0xf0, 0x94, 0x3, 0xff, 0xe0, 0x64, 0x1, 0xff,
    0xc0, 0x23, 0x0, 0xff, 0xf8, 0xf0, 0x7, 0xff,
    0x3, 0x80, 0x3f, 0xfe, 0x46, 0xe0, 0x1f, 0xe7,
    0x30, 0xf, 0xff, 0x9c, 0x48, 0x7, 0xe9, 0x80,
    0xf, 0xff, 0xab, 0x73, 0x90, 0x0, 0x9f, 0x98,
    0x3, 0xe1, 0x8d, 0xff, 0x6c, 0x8, 0x7, 0xff,
    0xdd, 0xb9, 0xc8, 0x0, 0x4f, 0xea, 0x1, 0xff,
    0xe6, 0x6e, 0x72, 0x0, 0x13, 0xfa, 0x80, 0x74,
    0x48, 0x7, 0xc3, 0x50, 0x1, 0xff, 0xe4, 0x89,
    0x0, 0xf8, 0x6a, 0x0, 0x23, 0x70, 0xf, 0xf3,
    0x98, 0x7, 0xff, 0x88, 0xdc, 0x3, 0xfc, 0xe6,
    0x0, 0xe0, 0xf, 0xfe, 0x7, 0x0, 0x7f, 0xf8,
    0xb8, 0x3, 0xff, 0x81, 0xc0, 0x64, 0x1, 0xff,
    0xc0, 0x23, 0x0, 0xff, 0xf0, 0x19, 0x0, 0x7f,
    0xf0, 0x8, 0xd4, 0x3, 0xff, 0x84, 0xa0, 0x1f,
    0xfe, 0x5, 0x0, 0xff, 0xe1, 0x28, 0x80, 0x7f,
    0xf0, 0x84, 0x3, 0xff, 0xc0, 0x20, 0x1f, 0xfc,
    0x21, 0x10, 0x7, 0xff, 0x8, 0x40, 0x3f, 0xfc,
    0x2, 0x1, 0xff, 0xc2, 0x15, 0x0, 0xff, 0xe1,
    0x28, 0x7, 0xff, 0x81, 0x40, 0x3f, 0xf8, 0x4a,
    0x64, 0x1, 0xff, 0xc0, 0x23, 0x0, 0xff, 0xf0,
    0x19, 0x0, 0x7f, 0xf0, 0x8, 0xc3, 0x80, 0x3f,
    0xf8, 0x1c, 0x1, 0xff, 0xe2, 0xe0, 0xf, 0xfe,
    0x7, 0x0, 0xd, 0xc0, 0x3f, 0xce, 0x60, 0x1f,
    0xfe, 0x23, 0x70, 0xf, 0xf3, 0x98, 0x5, 0x12,
    0x1, 0xfa, 0x60, 0x3, 0xff, 0xc9, 0x12, 0x1,
    0xfa, 0x60, 0x3, 0x9b, 0x9c, 0x80, 0x4, 0xfc,
    0xc0, 0x1f, 0xfe, 0x66, 0xe7, 0x20, 0x1, 0x3f,
    0x30, 0x7, 0xc3, 0x1b, 0xfe, 0xd8, 0x10, 0xf,
    0x86, 0x37, 0xfd, 0xb0, 0x20, 0x1f, 0xc, 0x6f,
    0xfb, 0x60, 0x40, 0x3e, 0x18, 0xdf, 0xf6, 0xc0,
    0x80, 0x7c, 0x31, 0xbf, 0xed, 0x81, 0x0, 0xff,
    0xe5, 0x37, 0x39, 0x0, 0x9, 0xfd, 0x40, 0x39,
    0xb9, 0xc8, 0x0, 0x4f, 0xea, 0x1, 0xcd, 0xce,
    0x40, 0x2, 0x7f, 0x50, 0xf, 0xfe, 0xbc, 0x48,
    0x7, 0xc3, 0x50, 0x1, 0x44, 0x80, 0x7c, 0x35,
    0x0, 0x14, 0x48, 0x7, 0xc3, 0x50, 0x1, 0xff,
    0xd5, 0x37, 0x0, 0xff, 0x39, 0x81, 0xb8, 0x7,
    0xf9, 0xcc, 0xd, 0xc0, 0x3f, 0xce, 0x60, 0x1f,
    0xfd, 0x4e, 0x0, 0xff, 0xe0, 0x70, 0x70, 0x7,
    0xff, 0x3, 0x83, 0x80, 0x3f, 0xf8, 0x1c, 0x1,
    0xff, 0xd3, 0x32, 0x0, 0xff, 0xe0, 0x13, 0x10,
    0x7, 0xff, 0x0, 0x98, 0x80, 0x3f, 0xf8, 0x4,
    0x60, 0x1f, 0xfd, 0x25, 0x0, 0xff, 0xe1, 0x50,
    0x7, 0xff, 0xa, 0x80, 0x3f, 0xf8, 0x4a, 0x1,
    0xff, 0xd2, 0x10, 0xf, 0xfe, 0x11, 0x80, 0x7f,
    0xf0, 0x8c, 0x3, 0xff, 0x84, 0x20, 0x1f, 0xfd,
    0x21, 0x0, 0xff, 0xe1, 0x18, 0x7, 0xff, 0x8,
    0xc0, 0x3f, 0xf8, 0x42, 0x1, 0xff, 0xd2, 0x50,
    0xf, 0xfe, 0x15, 0x0, 0x7f, 0xf0, 0xa8, 0x3,
    0xff, 0x84, 0xa0, 0x1f, 0xfd, 0x23, 0x20, 0xf,
    0xfe, 0x1, 0x31, 0x0, 0x7f, 0xf0, 0x9, 0x88,
    0x3, 0xff, 0x80, 0x46, 0x1, 0xff, 0xd3, 0xe0,
    0xf, 0xfe, 0x7, 0x7, 0x0, 0x7f, 0xf0, 0x38,
    0x38, 0x3, 0xff, 0x81, 0xc0, 0x1f, 0xfd, 0x43,
    0x70, 0xf, 0xf3, 0x98, 0x1b, 0x80, 0x7f, 0x9c,
    0xc0, 0xdc, 0x3, 0xfc, 0xe6, 0x1, 0xff, 0xd5,
    0x89, 0x0, 0xfd, 0x30, 0x1, 0x44, 0x80, 0x7e,
    0x98, 0x0, 0xa2, 0x40, 0x3f, 0x4c, 0x0, 0x7f,
    0xf5, 0xdb, 0x9c, 0x80, 0x4, 0xfc, 0xc0, 0x1c,
    0xdc, 0xe4, 0x0, 0x27, 0xe6, 0x0, 0xe6, 0xe7,
    0x20, 0x1, 0x3f, 0x30, 0x7, 0xff, 0x18,

    /* U+0036 "6" */
    0x0, 0xff, 0xeb, 0xc, 0x6f, 0xfb, 0x60, 0x40,
    0x3e, 0x18, 0xdf, 0xf6, 0xc0, 0x80, 0x7c, 0x31,
    0xbf, 0xed, 0x81, 0x0, 0xff, 0xec, 0xb7, 0x39,
    0x0, 0x9, 0xfd, 0x40, 0x39, 0xb9, 0xc8, 0x0,
    0x4f, 0xea, 0x1, 0xcd, 0xce, 0x40, 0x2, 0x7f,
    0x50, 0xf, 0xfe, 0xbc, 0x48, 0x7, 0xc3, 0x50,
    0x1, 0x44, 0x80, 0x7c, 0x35, 0x0, 0x14, 0x48,
    0x7, 0xc3, 0x50, 0x1, 0xff, 0xd5, 0x37, 0x0,
    0xff, 0x39, 0x81, 0xb8, 0x7, 0xf9, 0xcc, 0xd,
    0xc0, 0x3f, 0xce, 0x60, 0x1f, 0xfd, 0x4e, 0x0,
    0xff, 0xe0, 0x70, 0x70, 0x7, 0xff, 0x3, 0x83,
    0x80, 0x3f, 0xf8, 0x1c, 0x1, 0xff, 0xd3, 0x32,
    0x0, 0xff, 0xe0, 0x13, 0x10, 0x7, 0xff, 0x0,
    0x98, 0x80, 0x3f, 0xf8, 0x4, 0x60, 0x1f, 0xfd,
    0x25, 0x0, 0xff, 0xe1, 0x50, 0x7, 0xff, 0xa,
    0x80, 0x3f, 0xf8, 0x4a, 0x1, 0xff, 0xd2, 0x10,
    0xf, 0xfe, 0x11, 0x80, 0x7f, 0xf0, 0x8c, 0x3,
    0xff, 0x84, 0x20, 0x1f, 0xfd, 0x21, 0x0, 0xff,
    0xe1, 0x18, 0x7, 0xff, 0x8, 0xc0, 0x3f, 0xf8,
    0x42, 0x1, 0xff, 0xd2, 0x50, 0xf, 0xfe, 0x15,
    0x0, 0x7f, 0xf0, 0xa8, 0x3, 0xff, 0x84, 0xa0,
    0x1f, 0xfd, 0x23, 0x20, 0xf, 0xfe, 0x1, 0x31,
    0x0, 0x7f, 0xf0, 0x9, 0x88, 0x3, 0xff, 0x80,
    0x46, 0x1, 0xff, 0xd3, 0xe0, 0xf, 0xfe, 0x7,
    0x7, 0x0, 0x7f, 0xf0, 0x38, 0x38, 0x3, 0xff,
    0x81, 0xc0, 0x1f, 0xfd, 0x43, 0x70, 0xf, 0xf3,
    0x98, 0x1b, 0x80, 0x7f, 0x9c, 0xc0, 0xdc, 0x3,
    0xfc, 0xe6, 0x1, 0xff, 0xd5, 0x89, 0x0, 0xfd,
    0x30, 0x1, 0x44, 0x80, 0x7e, 0x98, 0x0, 0xa2,
    0x40, 0x3f, 0x4c, 0x0, 0x7f, 0xf5, 0xdb, 0x9c,
    0x80, 0x4, 0xfc, 0xc0, 0x1c, 0xdc, 0xe4, 0x0,
    0x27, 0xe6, 0x0, 0xe6, 0xe7, 0x20, 0x1, 0x3f,
    0x30, 0x7, 0xff, 0x28, 0x63, 0x7f, 0xdb, 0x2,
    0x1, 0xf0, 0xc6, 0xff, 0xb6, 0x4, 0x3, 0xe1,
    0x8d, 0xff, 0x6c, 0x8, 0x7, 0xc3, 0x1b, 0xfe,
    0xd8, 0x10, 0xf, 0xfe, 0x53, 0x73, 0x90, 0x0,
    0x9f, 0xd4, 0x3, 0xff, 0xeb, 0x12, 0x1, 0xf0,
    0xd4, 0x0, 0x7f, 0xfc, 0xcd, 0xc0, 0x3f, 0xce,
    0x60, 0x1f, 0xff, 0x2e, 0x0, 0xff, 0xe0, 0x70,
    0x7, 0xff, 0xc4, 0xc8, 0x3, 0xff, 0x80, 0x46,
    0x1, 0xff, 0xf0, 0x50, 0xf, 0xfe, 0x12, 0x80,
    0x7f, 0xfc, 0x4, 0x3, 0xff, 0x84, 0x20, 0x1f,
    0xff, 0x1, 0x0, 0xff, 0xe1, 0x8, 0x7, 0xff,
    0xc1, 0x40, 0x3f, 0xf8, 0x4a, 0x1, 0xff, 0xf0,
    0x32, 0x0, 0xff, 0xe0, 0x11, 0x80, 0x7f, 0xfc,
    0x78, 0x3, 0xff, 0x81, 0xc0, 0x1f, 0xff, 0x23,
    0x70, 0xf, 0xf3, 0x98, 0x7, 0xff, 0xce, 0x24,
    0x3, 0xf4, 0xc0, 0x7, 0xff, 0xd5, 0xb9, 0xc8,
    0x0, 0x4f, 0xcc, 0x1, 0xff, 0xe8, 0x18, 0xdf,
    0xf6, 0xc0, 0x80, 0x7c, 0x31, 0xbf, 0xed, 0x81,
    0x0, 0xff, 0xf4, 0x37, 0x39, 0x0, 0x9, 0xfd,
    0x40, 0x3f, 0xfe, 0xb1, 0x20, 0x1f, 0xd, 0x40,
    0x7, 0xff, 0xcc, 0xdc, 0x3, 0xfc, 0xe6, 0x1,
    0xff, 0xf2, 0xe0, 0xf, 0xfe, 0x7, 0x0, 0x7f,
    0xfc, 0x4c, 0x80, 0x3f, 0xf8, 0x4, 0x60, 0x1f,
    0xff, 0x5, 0x0, 0xff, 0xe1, 0x28, 0x7, 0xff,
    0xc0, 0x40, 0x3f, 0xf8, 0x42, 0x1, 0xff, 0xf0,
    0x10, 0xf, 0xfe, 0x10, 0x80, 0x7f, 0xfc, 0x14,
    0x3, 0xff, 0x84, 0xa0, 0x1f, 0xff, 0x3, 0x20,
    0xf, 0xfe, 0x1, 0x18, 0x7, 0xff, 0xc7, 0x80,
    0x3f, 0xf8, 0x1c, 0x1, 0xff, 0xf2, 0x37, 0x0,
    0xff, 0x39, 0x80, 0x7f, 0xfc, 0xe2, 0x40, 0x3f,
    0x4c, 0x0, 0x7f, 0xfd, 0x5b, 0x9c, 0x80, 0x4,
    0xfc, 0xc0, 0x1f, 0xff, 0xf0, 0xf, 0x86, 0x37,
    0xfd, 0xb0, 0x20, 0x1f, 0xc, 0x6f, 0xfb, 0x60,
    0x40, 0x3e, 0x18, 0xdf, 0xf6, 0xc0, 0x80, 0x7f,
    0xf2, 0x9b, 0x9c, 0x80, 0x4, 0xfe, 0xa0, 0x1c,
    0xdc, 0xe4, 0x0, 0x27, 0xf5, 0x0, 0xe6, 0xe7,
    0x20, 0x1, 0x3f, 0xa8, 0x7, 0x37, 0x39, 0x0,
    0x9, 0xfd, 0x40, 0x3f, 0xf9, 0x11, 0x20, 0x1f,
    0xd, 0x40, 0x5, 0x12, 0x1, 0xf0, 0xd4, 0x0,
    0x51, 0x20, 0x1f, 0xd, 0x40, 0x5, 0x12, 0x1,
    0xf0, 0xd4, 0x0, 0x7f, 0xf1, 0x8d, 0xc0, 0x3f,
    0xce, 0x60, 0x6e, 0x1, 0xfe, 0x73, 0x3, 0x70,
    0xf, 0xf3, 0x98, 0x1b, 0x80, 0x7f, 0x9c, 0xc0,
    0x3f, 0xf8, 0xbc, 0x1, 0xff, 0xc0, 0xe0, 0xe0,
    0xf, 0xfe, 0x7, 0x7, 0x0, 0x7f, 0xf0, 0x38,
    0x38, 0x3, 0xff, 0x81, 0xc0, 0x1f, 0xfc, 0x43,
    0x20, 0xf, 0xfe, 0x1, 0x31, 0x0, 0x7f, 0xf0,
    0x9, 0x88, 0x3, 0xff, 0x80, 0x4c, 0x40, 0x1f,
    0xfc, 0x2, 0x30, 0xf, 0xfe, 0x1a, 0x80, 0x7f,
    0xf0, 0xa8, 0x3, 0xff, 0x85, 0x40, 0x1f, 0xfc,
    0x2a, 0x0, 0xff, 0xe1, 0x28, 0x7, 0xff, 0xc,
    0x40, 0x3f, 0xf8, 0x46, 0x1, 0xff, 0xc2, 0x30,
    0xf, 0xfe, 0x11, 0x80, 0x7f, 0xf0, 0x84, 0x3,
    0xff, 0x86, 0x20, 0x1f, 0xfc, 0x23, 0x0, 0xff,
    0xe1, 0x18, 0x7, 0xff, 0x8, 0xc0, 0x3f, 0xf8,
    0x42, 0x1, 0xff, 0xc3, 0x50, 0xf, 0xfe, 0x15,
    0x0, 0x7f, 0xf0, 0xa8, 0x3, 0xff, 0x85, 0x40,
    0x1f, 0xfc, 0x25, 0x0, 0xff, 0xe1, 0x99, 0x0,
    0x7f, 0xf0, 0x9, 0x88, 0x3, 0xff, 0x80, 0x4c,
    0x40, 0x1f, 0xfc, 0x2, 0x62, 0x0, 0xff, 0xe0,
    0x11, 0x80, 0x7f, 0xf1, 0x38, 0x3, 0xff, 0x81,
    0xc1, 0xc0, 0x1f, 0xfc, 0xe, 0xe, 0x0, 0xff,
    0xe0, 0x70, 0x70, 0x7, 0xff, 0x3, 0x80, 0x3f,
    0xf8, 0xa6, 0xe0, 0x1f, 0xe7, 0x30, 0x37, 0x0,
    0xff, 0x39, 0x81, 0xb8, 0x7, 0xf9, 0xcc, 0xd,
    0xc0, 0x3f, 0xce, 0x60, 0x1f, 0xfc, 0x68, 0x90,
    0xf, 0xd3, 0x0, 0x14, 0x48, 0x7, 0xe9, 0x80,
    0xa, 0x24, 0x3, 0xf4, 0xc0, 0x5, 0x12, 0x1,
    0xfa, 0x60, 0x3, 0xff, 0x90, 0xdc, 0xe4, 0x0,
    0x27, 0xe6, 0x0, 0xe6, 0xe7, 0x20, 0x1, 0x3f,
    0x30, 0x7, 0x37, 0x39, 0x0, 0x9, 0xf9, 0x80,
    0x39, 0xb9, 0xc8, 0x0, 0x4f, 0xcc, 0x1, 0xff,
    0xd9, 0x18, 0xdf, 0xf6, 0xc0, 0x80, 0x7c, 0x31,
    0xbf, 0xed, 0x81, 0x0, 0xf8, 0x63, 0x7f, 0xdb,
    0x2, 0x1, 0xf0, 0xc6, 0xff, 0xb6, 0x4, 0x3,
    0xe6, 0xe7, 0x20, 0x1, 0x3f, 0xa8, 0x7, 0xff,
    0x99, 0xb9, 0xc8, 0x0, 0x4f, 0xea, 0x1, 0xd1,
    0x20, 0x1f, 0xd, 0x40, 0x7, 0xff, 0x92, 0x24,
    0x3, 0xe1, 0xa8, 0x0, 0x8d, 0xc0, 0x3f, 0xce,
    0x60, 0x1f, 0xfe, 0x23, 0x70, 0xf, 0xf3, 0x98,
    0x3, 0x80, 0x3f, 0xf8, 0x1c, 0x1, 0xff, 0xe2,
    0xe0, 0xf, 0xfe, 0x7, 0x1, 0x90, 0x7, 0xff,
    0x0, 0x8c, 0x3, 0xff, 0xc0, 0x64, 0x1, 0xff,
    0xc0, 0x23, 0x50, 0xf, 0xfe, 0x12, 0x80, 0x7f,
    0xf8, 0x14, 0x3, 0xff, 0x84, 0xa2, 0x1, 0xff,
    0xc2, 0x10, 0xf, 0xff, 0x0, 0x80, 0x7f, 0xf0,
    0x84, 0x40, 0x1f, 0xfc, 0x21, 0x0, 0xff, 0xf0,
    0x8, 0x7, 0xff, 0x8, 0x54, 0x3, 0xff, 0x84,
    0xa0, 0x1f, 0xfe, 0x5, 0x0, 0xff, 0xe1, 0x29,
    0x90, 0x7, 0xff, 0x0, 0x8c, 0x3, 0xff, 0xc0,
    0x64, 0x1, 0xff, 0xc0, 0x23, 0xe, 0x0, 0xff,
    0xe0, 0x70, 0x7, 0xff, 0x8b, 0x80, 0x3f, 0xf8,
    0x1c, 0x0, 0x37, 0x0, 0xff, 0x39, 0x80, 0x7f,
    0xf8, 0x8d, 0xc0, 0x3f, 0xce, 0x60, 0x14, 0x48,
    0x7, 0xe9, 0x80, 0xf, 0xff, 0x24, 0x48, 0x7,
    0xe9, 0x80, 0xe, 0x6e, 0x72, 0x0, 0x13, 0xf3,
    0x0, 0x7f, 0xf9, 0x9b, 0x9c, 0x80, 0x4, 0xfc,
    0xc0, 0x1f, 0xff, 0xf0, 0xf, 0x9b, 0x9c, 0x80,
    0x4, 0xfe, 0xa0, 0x1f, 0xfe, 0x66, 0xe7, 0x20,
    0x1, 0x3f, 0xa8, 0x7, 0x44, 0x80, 0x7c, 0x35,
    0x0, 0x1f, 0xfe, 0x48, 0x90, 0xf, 0x86, 0xa0,
    0x2, 0x37, 0x0, 0xff, 0x39, 0x80, 0x7f, 0xf8,
    0x8d, 0xc0, 0x3f, 0xce, 0x60, 0xe, 0x0, 0xff,
    0xe0, 0x70, 0x7, 0xff, 0x8b, 0x80, 0x3f, 0xf8,
    0x1c, 0x6, 0x40, 0x1f, 0xfc, 0x2, 0x30, 0xf,
    0xff, 0x1, 0x90, 0x7, 0xff, 0x0, 0x8d, 0x40,
    0x3f, 0xf8, 0x4a, 0x1, 0xff, 0xe0, 0x50, 0xf,
    0xfe, 0x12, 0x88, 0x7, 0xff, 0x8, 0x40, 0x3f,
    0xfc, 0x2, 0x1, 0xff, 0xc2, 0x11, 0x0, 0x7f,
    0xf0, 0x84, 0x3, 0xff, 0xc0, 0x20, 0x1f, 0xfc,
    0x21, 0x50, 0xf, 0xfe, 0x12, 0x80, 0x7f, 0xf8,
    0x14, 0x3, 0xff, 0x84, 0xa6, 0x40, 0x1f, 0xfc,
    0x2, 0x30, 0xf, 0xff, 0x1, 0x90, 0x7, 0xff,
    0x0, 0x8c, 0x38, 0x3, 0xff, 0x81, 0xc0, 0x1f,
    0xfe, 0x2e, 0x0, 0xff, 0xe0, 0x70, 0x0, 0xdc,
    0x3, 0xfc, 0xe6, 0x1, 0xff, 0xe2, 0x37, 0x0,
    0xff, 0x39, 0x80, 0x51, 0x20, 0x1f, 0xa6, 0x0,
    0x3f, 0xfc, 0x91, 0x20, 0x1f, 0xa6, 0x0, 0x39,
    0xb9, 0xc8, 0x0, 0x4f, 0xcc, 0x1, 0xff, 0xe6,
    0x6e, 0x72, 0x0, 0x13, 0xf3, 0x0, 0x7c, 0x31,
    0xbf, 0xed, 0x81, 0x0, 0xf8, 0x63, 0x7f, 0xdb,
    0x2, 0x1, 0xf0, 0xc6, 0xff, 0xb6, 0x4, 0x3,
    0xe1, 0x8d, 0xff, 0x6c, 0x8, 0x7, 0xc3, 0x1b,
    0xfe, 0xd8, 0x10, 0xf, 0xfe, 0x53, 0x73, 0x90,
    0x0, 0x9f, 0xd4, 0x3, 0x9b, 0x9c, 0x80, 0x4,
    0xfe, 0xa0, 0x1c, 0xdc, 0xe4, 0x0, 0x27, 0xf5,
    0x0, 0xff, 0xeb, 0xc4, 0x80, 0x7c, 0x35, 0x0,
    0x14, 0x48, 0x7, 0xc3, 0x50, 0x1, 0x44, 0x80,
    0x7c, 0x35, 0x0, 0x1f, 0xfd, 0x53, 0x70, 0xf,
    0xf3, 0x98, 0x1b, 0x80, 0x7f, 0x9c, 0xc0, 0xdc,
    0x3, 0xfc, 0xe6, 0x1, 0xff, 0xd4, 0xe0, 0xf,
    0xfe, 0x7, 0x7, 0x0, 0x7f, 0xf0, 0x38, 0x38,
    0x3, 0xff, 0x81, 0xc0, 0x1f, 0xfd, 0x33, 0x20,
    0xf, 0xfe, 0x1, 0x31, 0x0, 0x7f, 0xf0, 0x9,
    0x88, 0x3, 0xff, 0x80, 0x46, 0x1, 0xff, 0xd2,
    0x50, 0xf, 0xfe, 0x15, 0x0, 0x7f, 0xf0, 0xa8,
    0x3, 0xff, 0x84, 0xa0, 0x1f, 0xfd, 0x21, 0x0,
    0xff, 0xe1, 0x18, 0x7, 0xff, 0x8, 0xc0, 0x3f,
    0xf8, 0x42, 0x1, 0xff, 0xd2, 0x10, 0xf, 0xfe,
    0x11, 0x80, 0x7f, 0xf0, 0x8c, 0x3, 0xff, 0x84,
    0x20, 0x1f, 0xfd, 0x25, 0x0, 0xff, 0xe1, 0x50,
    0x7, 0xff, 0xa, 0x80, 0x3f, 0xf8, 0x4a, 0x1,
    0xff, 0xd2, 0x32, 0x0, 0xff, 0xe0, 0x13, 0x10,
    0x7, 0xff, 0x0, 0x98, 0x80, 0x3f, 0xf8, 0x4,
    0x60, 0x1f, 0xfd, 0x3e, 0x0, 0xff, 0xe0, 0x70,
    0x70, 0x7, 0xff, 0x3, 0x83, 0x80, 0x3f, 0xf8,
    0x1c, 0x1, 0xff, 0xd4, 0x37, 0x0, 0xff, 0x39,
    0x81, 0xb8, 0x7, 0xf9, 0xcc, 0xd, 0xc0, 0x3f,
    0xce, 0x60, 0x1f, 0xfd, 0x58, 0x90, 0xf, 0xd3,
    0x0, 0x14, 0x48, 0x7, 0xe9, 0x80, 0xa, 0x24,
    0x3, 0xf4, 0xc0, 0x7, 0xff, 0x5d, 0xb9, 0xc8,
    0x0, 0x4f, 0xcc, 0x1, 0xcd, 0xce, 0x40, 0x2,
    0x7e, 0x60, 0xe, 0x6e, 0x72, 0x0, 0x13, 0xf3,
    0x0, 0x7f, 0xf1, 0x80,

    /* U+0037 "7" */
    0x0, 0xc3, 0x1b, 0xfe, 0xd8, 0x10, 0xf, 0x86,
    0x37, 0xfd, 0xb0, 0x20, 0x1f, 0xc, 0x6f, 0xfb,
    0x60, 0x40, 0x3e, 0x18, 0xdf, 0xf6, 0xc0, 0x80,
    0x7c, 0x31, 0xbf, 0xed, 0x81, 0x0, 0xf9, 0xb9,
    0xc8, 0x0, 0x4f, 0xea, 0x1, 0xcd, 0xce, 0x40,
    0x2, 0x7f, 0x50, 0xe, 0x6e, 0x72, 0x0, 0x13,
    0xfa, 0x80, 0x73, 0x73, 0x90, 0x0, 0x9f, 0xd4,
    0x3, 0x9b, 0x9c, 0x80, 0x4, 0xfe, 0xa0, 0x1d,
    0x12, 0x1, 0xf0, 0xd4, 0x0, 0x51, 0x20, 0x1f,
    0xd, 0x40, 0x5, 0x12, 0x1, 0xf0, 0xd4, 0x0,
    0x51, 0x20, 0x1f, 0xd, 0x40, 0x5, 0x12, 0x1,
    0xf0, 0xd4, 0x0, 0x46, 0xe0, 0x1f, 0xe7, 0x30,
    0x37, 0x0, 0xff, 0x39, 0x81, 0xb8, 0x7, 0xf9,
    0xcc, 0xd, 0xc0, 0x3f, 0xce, 0x60, 0x6e, 0x1,
    0xfe, 0x73, 0x0, 0x70, 0x7, 0xff, 0x3, 0x83,
    0x80, 0x3f, 0xf8, 0x1c, 0x1c, 0x1, 0xff, 0xc0,
    0xe0, 0xe0, 0xf, 0xfe, 0x7, 0x7, 0x0, 0x7f,
    0xf0, 0x38, 0xc, 0x80, 0x3f, 0xf8, 0x4, 0xc4,
    0x1, 0xff, 0xc0, 0x26, 0x20, 0xf, 0xfe, 0x1,
    0x31, 0x0, 0x7f, 0xf0, 0x9, 0x88, 0x3, 0xff,
    0x80, 0x46, 0xa0, 0x1f, 0xfc, 0x2a, 0x0, 0xff,
    0xe1, 0x50, 0x7, 0xff, 0xa, 0x80, 0x3f, 0xf8,
    0x54, 0x1, 0xff, 0xc2, 0x51, 0x0, 0xff, 0xe1,
    0x18, 0x7, 0xff, 0x8, 0xc0, 0x3f, 0xf8, 0x46,
    0x1, 0xff, 0xc2, 0x30, 0xf, 0xfe, 0x10, 0x88,
    0x3, 0xff, 0x84, 0x60, 0x1f, 0xfc, 0x23, 0x0,
    0xff, 0xe1, 0x18, 0x7, 0xff, 0x8, 0xc0, 0x3f,
    0xf8, 0x42, 0xa0, 0x1f, 0xfc, 0x2a, 0x0, 0xff,
    0xe1, 0x50, 0x7, 0xff, 0xa, 0x80, 0x3f, 0xf8,
    0x54, 0x1, 0xff, 0xc2, 0x53, 0x20, 0xf, 0xfe,
    0x1, 0x31, 0x0, 0x7f, 0xf0, 0x9, 0x88, 0x3,
    0xff, 0x80, 0x4c, 0x40, 0x1f, 0xfc, 0x2, 0x62,
    0x0, 0xff, 0xe0, 0x11, 0x87, 0x0, 0x7f, 0xf0,
    0x38, 0x38, 0x3, 0xff, 0x81, 0xc1, 0xc0, 0x1f,
    0xfc, 0xe, 0xe, 0x0, 0xff, 0xe0, 0x70, 0x70,
    0x7, 0xff, 0x3, 0x80, 0x6, 0xe0, 0x1f, 0xe7,
    0x30, 0x37, 0x0, 0xff, 0x39, 0x81, 0xb8, 0x7,
    0xf9, 0xcc, 0xd, 0xc0, 0x3f, 0xce, 0x60, 0x6e,
    0x1, 0xfe, 0x73, 0x0, 0xa2, 0x40, 0x3f, 0x4c,
    0x0, 0x51, 0x20, 0x1f, 0xa6, 0x0, 0x28, 0x90,
    0xf, 0xd3, 0x0, 0x14, 0x48, 0x7, 0xe9, 0x80,
    0xa, 0x24, 0x3, 0xf4, 0xc0, 0x7, 0x37, 0x39,
    0x0, 0x9, 0xf9, 0x80, 0x39, 0xb9, 0xc8, 0x0,
    0x4f, 0xcc, 0x1, 0xcd, 0xce, 0x40, 0x2, 0x7e,
    0x60, 0xe, 0x6e, 0x72, 0x0, 0x13, 0xf3, 0x0,
    0x73, 0x73, 0x90, 0x0, 0x9f, 0x98, 0x3, 0xe1,
    0x8d, 0xff, 0x6c, 0x8, 0x7, 0xc3, 0x1b, 0xfe,
    0xd8, 0x10, 0xf, 0x86, 0x37, 0xfd, 0xb0, 0x20,
    0x1f, 0xc, 0x6f, 0xfb, 0x60, 0x40, 0x3f, 0xff,
    0xe0, 0x1f, 0x37, 0x39, 0x0, 0x9, 0xfd, 0x40,
    0x3f, 0xfe, 0xb1, 0x20, 0x1f, 0xd, 0x40, 0x7,
    0xff, 0xcc, 0xdc, 0x3, 0xfc, 0xe6, 0x1, 0xff,
    0xf2, 0xe0, 0xf, 0xfe, 0x7, 0x0, 0x7f, 0xfc,
    0x4c, 0x80, 0x3f, 0xf8, 0x4, 0x60, 0x1f, 0xff,
    0x5, 0x0, 0xff, 0xe1, 0x28, 0x7, 0xff, 0xc0,
    0x40, 0x3f, 0xf8, 0x42, 0x1, 0xff, 0xf0, 0x10,
    0xf, 0xfe, 0x10, 0x80, 0x7f, 0xfc, 0x14, 0x3,
    0xff, 0x84, 0xa0, 0x1f, 0xff, 0x3, 0x20, 0xf,
    0xfe, 0x1, 0x18, 0x7, 0xff, 0xc7, 0x80, 0x3f,
    0xf8, 0x1c, 0x1, 0xff, 0xf2, 0x37, 0x0, 0xff,
    0x39, 0x80, 0x7f, 0xfc, 0xe2, 0x40, 0x3f, 0x4c,
    0x0, 0x7f, 0xfd, 0x5b, 0x9c, 0x80, 0x4, 0xfc,
    0xc0, 0x1f, 0xfe, 0x81, 0x8d, 0xff, 0x6c, 0x8,
    0x7, 0xc3, 0x1b, 0xfe, 0xd8, 0x10, 0xf, 0xff,
    0x43, 0x73, 0x90, 0x0, 0x9f, 0xd4, 0x3, 0xff,
    0xeb, 0x12, 0x1, 0xf0, 0xd4, 0x0, 0x7f, 0xfc,
    0xcd, 0xc0, 0x3f, 0xce, 0x60, 0x1f, 0xff, 0x2e,
    0x0, 0xff, 0xe0, 0x70, 0x7, 0xff, 0xc4, 0xc8,
    0x3, 0xff, 0x80, 0x46, 0x1, 0xff, 0xf0, 0x50,
    0xf, 0xfe, 0x12, 0x80, 0x7f, 0xfc, 0x4, 0x3,
    0xff, 0x84, 0x20, 0x1f, 0xff, 0x1, 0x0, 0xff,
    0xe1, 0x8, 0x7, 0xff, 0xc1, 0x40, 0x3f, 0xf8,
    0x4a, 0x1, 0xff, 0xf0, 0x32, 0x0, 0xff, 0xe0,
    0x11, 0x80, 0x7f, 0xfc, 0x78, 0x3, 0xff, 0x81,
    0xc0, 0x1f, 0xff, 0x23, 0x70, 0xf, 0xf3, 0x98,
    0x7, 0xff, 0xce, 0x24, 0x3, 0xf4, 0xc0, 0x7,
    0xff, 0xd5, 0xb9, 0xc8, 0x0, 0x4f, 0xcc, 0x1,
    0xff, 0xe8, 0x18, 0xdf, 0xf6, 0xc0, 0x80, 0x7c,
    0x31, 0xbf, 0xed, 0x81, 0x0, 0xff, 0xf4, 0x37,
    0x39, 0x0, 0x9, 0xfd, 0x40, 0x3f, 0xfe, 0xb1,
    0x20, 0x1f, 0xd, 0x40, 0x7, 0xff, 0xcc, 0xdc,
    0x3, 0xfc, 0xe6, 0x1, 0xff, 0xf2, 0xe0, 0xf,
    0xfe, 0x7, 0x0, 0x7f, 0xfc, 0x4c, 0x80, 0x3f,
    0xf8, 0x4, 0x60, 0x1f, 0xff, 0x5, 0x0, 0xff,
    0xe1, 0x28, 0x7, 0xff, 0xc0, 0x40, 0x3f, 0xf8,
    0x42, 0x1, 0xff, 0xf0, 0x10, 0xf, 0xfe, 0x10,
    0x80, 0x7f, 0xfc, 0x14, 0x3, 0xff, 0x84, 0xa0,
    0x1f, 0xff, 0x3, 0x20, 0xf, 0xfe, 0x1, 0x18,
    0x7, 0xff, 0xc7, 0x80, 0x3f, 0xf8, 0x1c, 0x1,
    0xff, 0xf2, 0x37, 0x0, 0xff, 0x39, 0x80, 0x7f,
    0xfc, 0xe2, 0x40, 0x3f, 0x4c, 0x0, 0x7f, 0xfd,
    0x5b, 0x9c, 0x80, 0x4, 0xfc, 0xc0, 0x1f, 0xfe,
    0x81, 0x8d, 0xff, 0x6c, 0x8, 0x7, 0xc3, 0x1b,
    0xfe, 0xd8, 0x10, 0xf, 0xff, 0x43, 0x73, 0x90,
    0x0, 0x9f, 0xd4, 0x3, 0xff, 0xeb, 0x12, 0x1,
    0xf0, 0xd4, 0x0, 0x7f, 0xfc, 0xcd, 0xc0, 0x3f,
    0xce, 0x60, 0x1f, 0xff, 0x2e, 0x0, 0xff, 0xe0,
    0x70, 0x7, 0xff, 0xc4, 0xc8, 0x3, 0xff, 0x80,
    0x46, 0x1, 0xff, 0xf0, 0x50, 0xf, 0xfe, 0x12,
    0x80, 0x7f, 0xfc, 0x4, 0x3, 0xff, 0x84, 0x20,
    0x1f, 0xff, 0x1, 0x0, 0xff, 0xe1, 0x8, 0x7,
    0xff, 0xc1, 0x40, 0x3f, 0xf8, 0x4a, 0x1, 0xff,
    0xf0, 0x32, 0x0, 0xff, 0xe0, 0x11, 0x80, 0x7f,
    0xfc, 0x78, 0x3, 0xff, 0x81, 0xc0, 0x1f, 0xff,
    0x23, 0x70, 0xf, 0xf3, 0x98, 0x7, 0xff, 0xce,
    0x24, 0x3, 0xf4, 0xc0, 0x7, 0xff, 0xd5, 0xb9,
    0xc8, 0x0, 0x4f, 0xcc, 0x1, 0xff, 0xff, 0x0,
    0xff, 0xfb, 0xb7, 0x39, 0x0, 0x9, 0xfd, 0x40,
    0x3f, 0xfe, 0xb1, 0x20, 0x1f, 0xd, 0x40, 0x7,
    0xff, 0xcc, 0xdc, 0x3, 0xfc, 0xe6, 0x1, 0xff,
    0xf2, 0xe0, 0xf, 0xfe, 0x7, 0x0, 0x7f, 0xfc,
    0x4c, 0x80, 0x3f, 0xf8, 0x4, 0x60, 0x1f, 0xff,
    0x5, 0x0, 0xff, 0xe1, 0x28, 0x7, 0xff, 0xc0,
    0x40, 0x3f, 0xf8, 0x42, 0x1, 0xff, 0xf0, 0x10,
    0xf, 0xfe, 0x10, 0x80, 0x7f, 0xfc, 0x14, 0x3,
    0xff, 0x84, 0xa0, 0x1f, 0xff, 0x3, 0x20, 0xf,
    0xfe, 0x1, 0x18, 0x7, 0xff, 0xc7, 0x80, 0x3f,
    0xf8, 0x1c, 0x1, 0xff, 0xf2, 0x37, 0x0, 0xff,
    0x39, 0x80, 0x7f, 0xfc, 0xe2, 0x40, 0x3f, 0x4c,
    0x0, 0x7f, 0xfd, 0x5b, 0x9c, 0x80, 0x4, 0xfc,
    0xc0, 0x1f, 0xff, 0xf0, 0xf, 0xff, 0xbb, 0x73,
    0x90, 0x0, 0x9f, 0xd4, 0x3, 0xff, 0xeb, 0x12,
    0x1, 0xf0, 0xd4, 0x0, 0x7f, 0xfc, 0xcd, 0xc0,
    0x3f, 0xce, 0x60, 0x1f, 0xff, 0x2e, 0x0, 0xff,
    0xe0, 0x70, 0x7, 0xff, 0xc4, 0xc8, 0x3, 0xff,
    0x80, 0x46, 0x1, 0xff, 0xf0, 0x50, 0xf, 0xfe,
    0x12, 0x80, 0x7f, 0xfc, 0x4, 0x3, 0xff, 0x84,
    0x20, 0x1f, 0xff, 0x1, 0x0, 0xff, 0xe1, 0x8,
    0x7, 0xff, 0xc1, 0x40, 0x3f, 0xf8, 0x4a, 0x1,
    0xff, 0xf0, 0x32, 0x0, 0xff, 0xe0, 0x11, 0x80,
    0x7f, 0xfc, 0x78, 0x3, 0xff, 0x81, 0xc0, 0x1f,
    0xff, 0x23, 0x70, 0xf, 0xf3, 0x98, 0x7, 0xff,
    0xce, 0x24, 0x3, 0xf4, 0xc0, 0x7, 0xff, 0xd5,
    0xb9, 0xc8, 0x0, 0x4f, 0xcc, 0x1, 0xff, 0xe4,

    /* U+0038 "8" */
    0x0, 0xff, 0xe3, 0x8c, 0x6f, 0xfb, 0x60, 0x40,
    0x3e, 0x18, 0xdf, 0xf6, 0xc0, 0x80, 0x7c, 0x31,
    0xbf, 0xed, 0x81, 0x0, 0xff, 0xec, 0xb7, 0x39,
    0x0, 0x9, 0xfd, 0x40, 0x39, 0xb9, 0xc8, 0x0,
    0x4f, 0xea, 0x1, 0xcd, 0xce, 0x40, 0x2, 0x7f,
    0x50, 0xf, 0xfe, 0xbc, 0x48, 0x7, 0xc3, 0x50,
    0x1, 0x44, 0x80, 0x7c, 0x35, 0x0, 0x14, 0x48,
    0x7, 0xc3, 0x50, 0x1, 0xff, 0xd5, 0x37, 0x0,
    0xff, 0x39, 0x81, 0xb8, 0x7, 0xf9, 0xcc, 0xd,
    0xc0, 0x3f, 0xce, 0x60, 0x1f, 0xfd, 0x4e, 0x0,
    0xff, 0xe0, 0x70, 0x70, 0x7, 0xff, 0x3, 0x83,
    0x80, 0x3f, 0xf8, 0x1c, 0x1, 0xff, 0xd3, 0x32,
    0x0, 0xff, 0xe0, 0x13, 0x10, 0x7, 0xff, 0x0,
    0x98, 0x80, 0x3f, 0xf8, 0x4, 0x60, 0x1f, 0xfd,
    0x25, 0x0, 0xff, 0xe1, 0x50, 0x7, 0xff, 0xa,
    0x80, 0x3f, 0xf8, 0x4a, 0x1, 0xff, 0xd2, 0x10,
    0xf, 0xfe, 0x11, 0x80, 0x7f, 0xf0, 0x8c, 0x3,
    0xff, 0x84, 0x20, 0x1f, 0xfd, 0x21, 0x0, 0xff,
    0xe1, 0x18, 0x7, 0xff, 0x8, 0xc0, 0x3f, 0xf8,
    0x42, 0x1, 0xff, 0xd2, 0x50, 0xf, 0xfe, 0x15,
    0x0, 0x7f, 0xf0, 0xa8, 0x3, 0xff, 0x84, 0xa0,
    0x1f, 0xfd, 0x23, 0x20, 0xf, 0xfe, 0x1, 0x31,
    0x0, 0x7f, 0xf0, 0x9, 0x88, 0x3, 0xff, 0x80,
    0x46, 0x1, 0xff, 0xd3, 0xe0, 0xf, 0xfe, 0x7,
    0x7, 0x0, 0x7f, 0xf0, 0x38, 0x38, 0x3, 0xff,
    0x81, 0xc0, 0x1f, 0xfd, 0x43, 0x70, 0xf, 0xf3,
    0x98, 0x1b, 0x80, 0x7f, 0x9c, 0xc0, 0xdc, 0x3,
    0xfc, 0xe6, 0x1, 0xff, 0xd5, 0x89, 0x0, 0xfd,
    0x30, 0x1, 0x44, 0x80, 0x7e, 0x98, 0x0, 0xa2,
    0x40, 0x3f, 0x4c, 0x0, 0x7f, 0xf5, 0xdb, 0x9c,
    0x80, 0x4, 0xfc, 0xc0, 0x1c, 0xdc, 0xe4, 0x0,
    0x27, 0xe6, 0x0, 0xe6, 0xe7, 0x20, 0x1, 0x3f,
    0x30, 0x7, 0xff, 0x28, 0x63, 0x7f, 0xdb, 0x2,
    0x1, 0xf0, 0xc6, 0xff, 0xb6, 0x4, 0x3, 0xe1,
    0x8d, 0xff, 0x6c, 0x8, 0x7, 0xc3, 0x1b, 0xfe,
    0xd8, 0x10, 0xf, 0x86, 0x37, 0xfd, 0xb0, 0x20,
    0x1f, 0x37, 0x39, 0x0, 0x9, 0xfd, 0x40, 0x3f,
    0xfc, 0xcd, 0xce, 0x40, 0x2, 0x7f, 0x50, 0xe,
    0x89, 0x0, 0xf8, 0x6a, 0x0, 0x3f, 0xfc, 0x91,
    0x20, 0x1f, 0xd, 0x40, 0x4, 0x6e, 0x1, 0xfe,
    0x73, 0x0, 0xff, 0xf1, 0x1b, 0x80, 0x7f, 0x9c,
    0xc0, 0x1c, 0x1, 0xff, 0xc0, 0xe0, 0xf, 0xff,
    0x17, 0x0, 0x7f, 0xf0, 0x38, 0xc, 0x80, 0x3f,
    0xf8, 0x4, 0x60, 0x1f, 0xfe, 0x3, 0x20, 0xf,
    0xfe, 0x1, 0x1a, 0x80, 0x7f, 0xf0, 0x94, 0x3,
    0xff, 0xc0, 0xa0, 0x1f, 0xfc, 0x25, 0x10, 0xf,
    0xfe, 0x10, 0x80, 0x7f, 0xf8, 0x4, 0x3, 0xff,
    0x84, 0x22, 0x0, 0xff, 0xe1, 0x8, 0x7, 0xff,
    0x80, 0x40, 0x3f, 0xf8, 0x42, 0xa0, 0x1f, 0xfc,
    0x25, 0x0, 0xff, 0xf0, 0x28, 0x7, 0xff, 0x9,
    0x4c, 0x80, 0x3f, 0xf8, 0x4, 0x60, 0x1f, 0xfe,
    0x3, 0x20, 0xf, 0xfe, 0x1, 0x18, 0x70, 0x7,
    0xff, 0x3, 0x80, 0x3f, 0xfc, 0x5c, 0x1, 0xff,
    0xc0, 0xe0, 0x1, 0xb8, 0x7, 0xf9, 0xcc, 0x3,
    0xff, 0xc4, 0x6e, 0x1, 0xfe, 0x73, 0x0, 0xa2,
    0x40, 0x3f, 0x4c, 0x0, 0x7f, 0xf9, 0x22, 0x40,
    0x3f, 0x4c, 0x0, 0x73, 0x73, 0x90, 0x0, 0x9f,
    0x98, 0x3, 0xff, 0xcc, 0xdc, 0xe4, 0x0, 0x27,
    0xe6, 0x0, 0xff, 0xff, 0x80, 0x7c, 0xdc, 0xe4,
    0x0, 0x27, 0xf5, 0x0, 0xff, 0xf3, 0x37, 0x39,
    0x0, 0x9, 0xfd, 0x40, 0x3a, 0x24, 0x3, 0xe1,
    0xa8, 0x0, 0xff, 0xf2, 0x44, 0x80, 0x7c, 0x35,
    0x0, 0x11, 0xb8, 0x7, 0xf9, 0xcc, 0x3, 0xff,
    0xc4, 0x6e, 0x1, 0xfe, 0x73, 0x0, 0x70, 0x7,
    0xff, 0x3, 0x80, 0x3f, 0xfc, 0x5c, 0x1, 0xff,
    0xc0, 0xe0, 0x32, 0x0, 0xff, 0xe0, 0x11, 0x80,
    0x7f, 0xf8, 0xc, 0x80, 0x3f, 0xf8, 0x4, 0x6a,
    0x1, 0xff, 0xc2, 0x50, 0xf, 0xff, 0x2, 0x80,
    0x7f, 0xf0, 0x94, 0x40, 0x3f, 0xf8, 0x42, 0x1,
    0xff, 0xe0, 0x10, 0xf, 0xfe, 0x10, 0x88, 0x3,
    0xff, 0x84, 0x20, 0x1f, 0xfe, 0x1, 0x0, 0xff,
    0xe1, 0xa, 0x80, 0x7f, 0xf0, 0x94, 0x3, 0xff,
    0xc0, 0xa0, 0x1f, 0xfc, 0x25, 0x32, 0x0, 0xff,
    0xe0, 0x11, 0x80, 0x7f, 0xf8, 0xc, 0x80, 0x3f,
    0xf8, 0x4, 0x61, 0xc0, 0x1f, 0xfc, 0xe, 0x0,
    0xff, 0xf1, 0x70, 0x7, 0xff, 0x3, 0x80, 0x6,
    0xe0, 0x1f, 0xe7, 0x30, 0xf, 0xff, 0x11, 0xb8,
    0x7, 0xf9, 0xcc, 0x2, 0x89, 0x0, 0xfd, 0x30,
    0x1, 0xff, 0xe4, 0x89, 0x0, 0xfd, 0x30, 0x1,
    0xcd, 0xce, 0x40, 0x2, 0x7e, 0x60, 0xf, 0xff,
    0x33, 0x73, 0x90, 0x0, 0x9f, 0x98, 0x3, 0xe1,
    0x8d, 0xff, 0x6c, 0x8, 0x7, 0xc3, 0x1b, 0xfe,
    0xd8, 0x10, 0xf, 0x86, 0x37, 0xfd, 0xb0, 0x20,
    0x1f, 0xc, 0x6f, 0xfb, 0x60, 0x40, 0x3e, 0x18,
    0xdf, 0xf6, 0xc0, 0x80, 0x7f, 0xf2, 0x9b, 0x9c,
    0x80, 0x4, 0xfe, 0xa0, 0x1c, 0xdc, 0xe4, 0x0,
    0x27, 0xf5, 0x0, 0xe6, 0xe7, 0x20, 0x1, 0x3f,
    0xa8, 0x7, 0xff, 0x5e, 0x24, 0x3, 0xe1, 0xa8,
    0x0, 0xa2, 0x40, 0x3e, 0x1a, 0x80, 0xa, 0x24,
    0x3, 0xe1, 0xa8, 0x0, 0xff, 0xea, 0x9b, 0x80,
    0x7f, 0x9c, 0xc0, 0xdc, 0x3, 0xfc, 0xe6, 0x6,
    0xe0, 0x1f, 0xe7, 0x30, 0xf, 0xfe, 0xa7, 0x0,
    0x7f, 0xf0, 0x38, 0x38, 0x3, 0xff, 0x81, 0xc1,
    0xc0, 0x1f, 0xfc, 0xe, 0x0, 0xff, 0xe9, 0x99,
    0x0, 0x7f, 0xf0, 0x9, 0x88, 0x3, 0xff, 0x80,
    0x4c, 0x40, 0x1f, 0xfc, 0x2, 0x30, 0xf, 0xfe,
    0x92, 0x80, 0x7f, 0xf0, 0xa8, 0x3, 0xff, 0x85,
    0x40, 0x1f, 0xfc, 0x25, 0x0, 0xff, 0xe9, 0x8,
    0x7, 0xff, 0x8, 0xc0, 0x3f, 0xf8, 0x46, 0x1,
    0xff, 0xc2, 0x10, 0xf, 0xfe, 0x90, 0x80, 0x7f,
    0xf0, 0x8c, 0x3, 0xff, 0x84, 0x60, 0x1f, 0xfc,
    0x21, 0x0, 0xff, 0xe9, 0x28, 0x7, 0xff, 0xa,
    0x80, 0x3f, 0xf8, 0x54, 0x1, 0xff, 0xc2, 0x50,
    0xf, 0xfe, 0x91, 0x90, 0x7, 0xff, 0x0, 0x98,
    0x80, 0x3f, 0xf8, 0x4, 0xc4, 0x1, 0xff, 0xc0,
    0x23, 0x0, 0xff, 0xe9, 0xf0, 0x7, 0xff, 0x3,
    0x83, 0x80, 0x3f, 0xf8, 0x1c, 0x1c, 0x1, 0xff,
    0xc0, 0xe0, 0xf, 0xfe, 0xa1, 0xb8, 0x7, 0xf9,
    0xcc, 0xd, 0xc0, 0x3f, 0xce, 0x60, 0x6e, 0x1,
    0xfe, 0x73, 0x0, 0xff, 0xea, 0xc4, 0x80, 0x7e,
    0x98, 0x0, 0xa2, 0x40, 0x3f, 0x4c, 0x0, 0x51,
    0x20, 0x1f, 0xa6, 0x0, 0x3f, 0xfa, 0xed, 0xce,
    0x40, 0x2, 0x7e, 0x60, 0xe, 0x6e, 0x72, 0x0,
    0x13, 0xf3, 0x0, 0x73, 0x73, 0x90, 0x0, 0x9f,
    0x98, 0x3, 0xff, 0x94, 0x31, 0xbf, 0xed, 0x81,
    0x0, 0xf8, 0x63, 0x7f, 0xdb, 0x2, 0x1, 0xf0,
    0xc6, 0xff, 0xb6, 0x4, 0x3, 0xe1, 0x8d, 0xff,
    0x6c, 0x8, 0x7, 0xc3, 0x1b, 0xfe, 0xd8, 0x10,
    0xf, 0x9b, 0x9c, 0x80, 0x4, 0xfe, 0xa0, 0x1f,
    0xfe, 0x66, 0xe7, 0x20, 0x1, 0x3f, 0xa8, 0x7,
    0x44, 0x80, 0x7c, 0x35, 0x0, 0x1f, 0xfe, 0x48,
    0x90, 0xf, 0x86, 0xa0, 0x2, 0x37, 0x0, 0xff,
    0x39, 0x80, 0x7f, 0xf8, 0x8d, 0xc0, 0x3f, 0xce,
    0x60, 0xe, 0x0, 0xff, 0xe0, 0x70, 0x7, 0xff,
    0x8b, 0x80, 0x3f, 0xf8, 0x1c, 0x6, 0x40, 0x1f,
    0xfc, 0x2, 0x30, 0xf, 0xff, 0x1, 0x90, 0x7,
    0xff, 0x0, 0x8d, 0x40, 0x3f, 0xf8, 0x4a, 0x1,
    0xff, 0xe0, 0x50, 0xf, 0xfe, 0x12, 0x88, 0x7,
    0xff, 0x8, 0x40, 0x3f, 0xfc, 0x2, 0x1, 0xff,
    0xc2, 0x11, 0x0, 0x7f, 0xf0, 0x84, 0x3, 0xff,
    0xc0, 0x20, 0x1f, 0xfc, 0x21, 0x50, 0xf, 0xfe,
    0x12, 0x80, 0x7f, 0xf8, 0x14, 0x3, 0xff, 0x84,
    0xa6, 0x40, 0x1f, 0xfc, 0x2, 0x30, 0xf, 0xff,
    0x1, 0x90, 0x7, 0xff, 0x0, 0x8c, 0x38, 0x3,
    0xff, 0x81, 0xc0, 0x1f, 0xfe, 0x2e, 0x0, 0xff,
    0xe0, 0x70, 0x0, 0xdc, 0x3, 0xfc, 0xe6, 0x1,
    0xff, 0xe2, 0x37, 0x0, 0xff, 0x39, 0x80, 0x51,
    0x20, 0x1f, 0xa6, 0x0, 0x3f, 0xfc, 0x91, 0x20,
    0x1f, 0xa6, 0x0, 0x39, 0xb9, 0xc8, 0x0, 0x4f,
    0xcc, 0x1, 0xff, 0xe6, 0x6e, 0x72, 0x0, 0x13,
    0xf3, 0x0, 0x7f, 0xff, 0xc0, 0x3e, 0x6e, 0x72,
    0x0, 0x13, 0xfa, 0x80, 0x7f, 0xf9, 0x9b, 0x9c,
    0x80, 0x4, 0xfe, 0xa0, 0x1d, 0x12, 0x1, 0xf0,
    0xd4, 0x0, 0x7f, 0xf9, 0x22, 0x40, 0x3e, 0x1a,
    0x80, 0x8, 0xdc, 0x3, 0xfc, 0xe6, 0x1, 0xff,
    0xe2, 0x37, 0x0, 0xff, 0x39, 0x80, 0x38, 0x3,
    0xff, 0x81, 0xc0, 0x1f, 0xfe, 0x2e, 0x0, 0xff,
    0xe0, 0x70, 0x19, 0x0, 0x7f, 0xf0, 0x8, 0xc0,
    0x3f, 0xfc, 0x6, 0x40, 0x1f, 0xfc, 0x2, 0x35,
    0x0, 0xff, 0xe1, 0x28, 0x7, 0xff, 0x81, 0x40,
    0x3f, 0xf8, 0x4a, 0x20, 0x1f, 0xfc, 0x21, 0x0,
    0xff, 0xf0, 0x8, 0x7, 0xff, 0x8, 0x44, 0x1,
    0xff, 0xc2, 0x10, 0xf, 0xff, 0x0, 0x80, 0x7f,
    0xf0, 0x85, 0x40, 0x3f, 0xf8, 0x4a, 0x1, 0xff,
    0xe0, 0x50, 0xf, 0xfe, 0x12, 0x99, 0x0, 0x7f,
    0xf0, 0x8, 0xc0, 0x3f, 0xfc, 0x6, 0x40, 0x1f,
    0xfc, 0x2, 0x30, 0xe0, 0xf, 0xfe, 0x7, 0x0,
    0x7f, 0xf8, 0xb8, 0x3, 0xff, 0x81, 0xc0, 0x3,
    0x70, 0xf, 0xf3, 0x98, 0x7, 0xff, 0x88, 0xdc,
    0x3, 0xfc, 0xe6, 0x1, 0x44, 0x80, 0x7e, 0x98,
    0x0, 0xff, 0xf2, 0x44, 0x80, 0x7e, 0x98, 0x0,
    0xe6, 0xe7, 0x20, 0x1, 0x3f, 0x30, 0x7, 0xff,
    0x99, 0xb9, 0xc8, 0x0, 0x4f, 0xcc, 0x1, 0xf0,
    0xc6, 0xff, 0xb6, 0x4, 0x3, 0xe1, 0x8d, 0xff,
    0x6c, 0x8, 0x7, 0xc3, 0x1b, 0xfe, 0xd8, 0x10,
    0xf, 0x86, 0x37, 0xfd, 0xb0, 0x20, 0x1f, 0xc,
    0x6f, 0xfb, 0x60, 0x40, 0x3f, 0xf9, 0x4d, 0xce,
    0x40, 0x2, 0x7f, 0x50, 0xe, 0x6e, 0x72, 0x0,
    0x13, 0xfa, 0x80, 0x73, 0x73, 0x90, 0x0, 0x9f,
    0xd4, 0x3, 0xff, 0xaf, 0x12, 0x1, 0xf0, 0xd4,
    0x0, 0x51, 0x20, 0x1f, 0xd, 0x40, 0x5, 0x12,
    0x1, 0xf0, 0xd4, 0x0, 0x7f, 0xf5, 0x4d, 0xc0,
    0x3f, 0xce, 0x60, 0x6e, 0x1, 0xfe, 0x73, 0x3,
    0x70, 0xf, 0xf3, 0x98, 0x7, 0xff, 0x53, 0x80,
    0x3f, 0xf8, 0x1c, 0x1c, 0x1, 0xff, 0xc0, 0xe0,
    0xe0, 0xf, 0xfe, 0x7, 0x0, 0x7f, 0xf4, 0xcc,
    0x80, 0x3f, 0xf8, 0x4, 0xc4, 0x1, 0xff, 0xc0,
    0x26, 0x20, 0xf, 0xfe, 0x1, 0x18, 0x7, 0xff,
    0x49, 0x40, 0x3f, 0xf8, 0x54, 0x1, 0xff, 0xc2,
    0xa0, 0xf, 0xfe, 0x12, 0x80, 0x7f, 0xf4, 0x84,
    0x3, 0xff, 0x84, 0x60, 0x1f, 0xfc, 0x23, 0x0,
    0xff, 0xe1, 0x8, 0x7, 0xff, 0x48, 0x40, 0x3f,
    0xf8, 0x46, 0x1, 0xff, 0xc2, 0x30, 0xf, 0xfe,
    0x10, 0x80, 0x7f, 0xf4, 0x94, 0x3, 0xff, 0x85,
    0x40, 0x1f, 0xfc, 0x2a, 0x0, 0xff, 0xe1, 0x28,
    0x7, 0xff, 0x48, 0xc8, 0x3, 0xff, 0x80, 0x4c,
    0x40, 0x1f, 0xfc, 0x2, 0x62, 0x0, 0xff, 0xe0,
    0x11, 0x80, 0x7f, 0xf4, 0xf8, 0x3, 0xff, 0x81,
    0xc1, 0xc0, 0x1f, 0xfc, 0xe, 0xe, 0x0, 0xff,
    0xe0, 0x70, 0x7, 0xff, 0x50, 0xdc, 0x3, 0xfc,
    0xe6, 0x6, 0xe0, 0x1f, 0xe7, 0x30, 0x37, 0x0,
    0xff, 0x39, 0x80, 0x7f, 0xf5, 0x62, 0x40, 0x3f,
    0x4c, 0x0, 0x51, 0x20, 0x1f, 0xa6, 0x0, 0x28,
    0x90, 0xf, 0xd3, 0x0, 0x1f, 0xfd, 0x76, 0xe7,
    0x20, 0x1, 0x3f, 0x30, 0x7, 0x37, 0x39, 0x0,
    0x9, 0xf9, 0x80, 0x39, 0xb9, 0xc8, 0x0, 0x4f,
    0xcc, 0x1, 0xff, 0xc6,

    /* U+0039 "9" */
    0x0, 0xff, 0xe3, 0x8c, 0x6f, 0xfb, 0x60, 0x40,
    0x3e, 0x18, 0xdf, 0xf6, 0xc0, 0x80, 0x7c, 0x31,
    0xbf, 0xed, 0x81, 0x0, 0xff, 0xec, 0xb7, 0x39,
    0x0, 0x9, 0xfd, 0x40, 0x39, 0xb9, 0xc8, 0x0,
    0x4f, 0xea, 0x1, 0xcd, 0xce, 0x40, 0x2, 0x7f,
    0x50, 0xf, 0xfe, 0xbc, 0x48, 0x7, 0xc3, 0x50,
    0x1, 0x44, 0x80, 0x7c, 0x35, 0x0, 0x14, 0x48,
    0x7, 0xc3, 0x50, 0x1, 0xff, 0xd5, 0x37, 0x0,
    0xff, 0x39, 0x81, 0xb8, 0x7, 0xf9, 0xcc, 0xd,
    0xc0, 0x3f, 0xce, 0x60, 0x1f, 0xfd, 0x4e, 0x0,
    0xff, 0xe0, 0x70, 0x70, 0x7, 0xff, 0x3, 0x83,
    0x80, 0x3f, 0xf8, 0x1c, 0x1, 0xff, 0xd3, 0x32,
    0x0, 0xff, 0xe0, 0x13, 0x10, 0x7, 0xff, 0x0,
    0x98, 0x80, 0x3f, 0xf8, 0x4, 0x60, 0x1f, 0xfd,
    0x25, 0x0, 0xff, 0xe1, 0x50, 0x7, 0xff, 0xa,
    0x80, 0x3f, 0xf8, 0x4a, 0x1, 0xff, 0xd2, 0x10,
    0xf, 0xfe, 0x11, 0x80, 0x7f, 0xf0, 0x8c, 0x3,
    0xff, 0x84, 0x20, 0x1f, 0xfd, 0x21, 0x0, 0xff,
    0xe1, 0x18, 0x7, 0xff, 0x8, 0xc0, 0x3f, 0xf8,
    0x42, 0x1, 0xff, 0xd2, 0x50, 0xf, 0xfe, 0x15,
    0x0, 0x7f, 0xf0, 0xa8, 0x3, 0xff, 0x84, 0xa0,
    0x1f, 0xfd, 0x23, 0x20, 0xf, 0xfe, 0x1, 0x31,
    0x0, 0x7f, 0xf0, 0x9, 0x88, 0x3, 0xff, 0x80,
    0x46, 0x1, 0xff, 0xd3, 0xe0, 0xf, 0xfe, 0x7,
    0x7, 0x0, 0x7f, 0xf0, 0x38, 0x38, 0x3, 0xff,
    0x81, 0xc0, 0x1f, 0xfd, 0x43, 0x70, 0xf, 0xf3,
    0x98, 0x1b, 0x80, 0x7f, 0x9c, 0xc0, 0xdc, 0x3,
    0xfc, 0xe6, 0x1, 0xff, 0xd5, 0x89, 0x0, 0xfd,
    0x30, 0x1, 0x44, 0x80, 0x7e, 0x98, 0x0, 0xa2,
    0x40, 0x3f, 0x4c, 0x0, 0x7f, 0xf5, 0xdb, 0x9c,
    0x80, 0x4, 0xfc, 0xc0, 0x1c, 0xdc, 0xe4, 0x0,
    0x27, 0xe6, 0x0, 0xe6, 0xe7, 0x20, 0x1, 0x3f,
    0x30, 0x7, 0xff, 0x28, 0x63, 0x7f, 0xdb, 0x2,
    0x1, 0xf0, 0xc6, 0xff, 0xb6, 0x4, 0x3, 0xe1,
    0x8d, 0xff, 0x6c, 0x8, 0x7, 0xc3, 0x1b, 0xfe,
    0xd8, 0x10, 0xf, 0x86, 0x37, 0xfd, 0xb0, 0x20,
    0x1f, 0x37, 0x39, 0x0, 0x9, 0xfd, 0x40, 0x3f,
    0xfc, 0xcd, 0xce, 0x40, 0x2, 0x7f, 0x50, 0xe,
    0x89, 0x0, 0xf8, 0x6a, 0x0, 0x3f, 0xfc, 0x91,
    0x20, 0x1f, 0xd, 0x40, 0x4, 0x6e, 0x1, 0xfe,
    0x73, 0x0, 0xff, 0xf1, 0x1b, 0x80, 0x7f, 0x9c,
    0xc0, 0x1c, 0x1, 0xff, 0xc0, 0xe0, 0xf, 0xff,
    0x17, 0x0, 0x7f, 0xf0, 0x38, 0xc, 0x80, 0x3f,
    0xf8, 0x4, 0x60, 0x1f, 0xfe, 0x3, 0x20, 0xf,
    0xfe, 0x1, 0x1a, 0x80, 0x7f, 0xf0, 0x94, 0x3,
    0xff, 0xc0, 0xa0, 0x1f, 0xfc, 0x25, 0x10, 0xf,
    0xfe, 0x10, 0x80, 0x7f, 0xf8, 0x4, 0x3, 0xff,
    0x84, 0x22, 0x0, 0xff, 0xe1, 0x8, 0x7, 0xff,
    0x80, 0x40, 0x3f, 0xf8, 0x42, 0xa0, 0x1f, 0xfc,
    0x25, 0x0, 0xff, 0xf0, 0x28, 0x7, 0xff, 0x9,
    0x4c, 0x80, 0x3f, 0xf8, 0x4, 0x60, 0x1f, 0xfe,
    0x3, 0x20, 0xf, 0xfe, 0x1, 0x18, 0x70, 0x7,
    0xff, 0x3, 0x80, 0x3f, 0xfc, 0x5c, 0x1, 0xff,
    0xc0, 0xe0, 0x1, 0xb8, 0x7, 0xf9, 0xcc, 0x3,
    0xff, 0xc4, 0x6e, 0x1, 0xfe, 0x73, 0x0, 0xa2,
    0x40, 0x3f, 0x4c, 0x0, 0x7f, 0xf9, 0x22, 0x40,
    0x3f, 0x4c, 0x0, 0x73, 0x73, 0x90, 0x0, 0x9f,
    0x98, 0x3, 0xff, 0xcc, 0xdc, 0xe4, 0x0, 0x27,
    0xe6, 0x0, 0xff, 0xff, 0x80, 0x7c, 0xdc, 0xe4,
    0x0, 0x27, 0xf5, 0x0, 0xff, 0xf3, 0x37, 0x39,
    0x0, 0x9, 0xfd, 0x40, 0x3a, 0x24, 0x3, 0xe1,
    0xa8, 0x0, 0xff, 0xf2, 0x44, 0x80, 0x7c, 0x35,
    0x0, 0x11, 0xb8, 0x7, 0xf9, 0xcc, 0x3, 0xff,
    0xc4, 0x6e, 0x1, 0xfe, 0x73, 0x0, 0x70, 0x7,
    0xff, 0x3, 0x80, 0x3f, 0xfc, 0x5c, 0x1, 0xff,
    0xc0, 0xe0, 0x32, 0x0, 0xff, 0xe0, 0x11, 0x80,
    0x7f, 0xf8, 0xc, 0x80, 0x3f, 0xf8, 0x4, 0x6a,
    0x1, 0xff, 0xc2, 0x50, 0xf, 0xff, 0x2, 0x80,
    0x7f, 0xf0, 0x94, 0x40, 0x3f, 0xf8, 0x42, 0x1,
    0xff, 0xe0, 0x10, 0xf, 0xfe, 0x10, 0x88, 0x3,
    0xff, 0x84, 0x20, 0x1f, 0xfe, 0x1, 0x0, 0xff,
    0xe1, 0xa, 0x80, 0x7f, 0xf0, 0x94, 0x3, 0xff,
    0xc0, 0xa0, 0x1f, 0xfc, 0x25, 0x32, 0x0, 0xff,
    0xe0, 0x11, 0x80, 0x7f, 0xf8, 0xc, 0x80, 0x3f,
    0xf8, 0x4, 0x61, 0xc0, 0x1f, 0xfc, 0xe, 0x0,
    0xff, 0xf1, 0x70, 0x7, 0xff, 0x3, 0x80, 0x6,
    0xe0, 0x1f, 0xe7, 0x30, 0xf, 0xff, 0x11, 0xb8,
    0x7, 0xf9, 0xcc, 0x2, 0x89, 0x0, 0xfd, 0x30,
    0x1, 0xff, 0xe4, 0x89, 0x0, 0xfd, 0x30, 0x1,
    0xcd, 0xce, 0x40, 0x2, 0x7e, 0x60, 0xf, 0xff,
    0x33, 0x73, 0x90, 0x0, 0x9f, 0x98, 0x3, 0xe1,
    0x8d, 0xff, 0x6c, 0x8, 0x7, 0xc3, 0x1b, 0xfe,
    0xd8, 0x10, 0xf, 0x86, 0x37, 0xfd, 0xb0, 0x20,
    0x1f, 0xc, 0x6f, 0xfb, 0x60, 0x40, 0x3f, 0xfb,
    0x2d, 0xce, 0x40, 0x2, 0x7f, 0x50, 0xe, 0x6e,
    0x72, 0x0, 0x13, 0xfa, 0x80, 0x73, 0x73, 0x90,
    0x0, 0x9f, 0xd4, 0x3, 0x9b, 0x9c, 0x80, 0x4,
    0xfe, 0xa0, 0x1f, 0xfc, 0x88, 0x90, 0xf, 0x86,
    0xa0, 0x2, 0x89, 0x0, 0xf8, 0x6a, 0x0, 0x28,
    0x90, 0xf, 0x86, 0xa0, 0x2, 0x89, 0x0, 0xf8,
    0x6a, 0x0, 0x3f, 0xf8, 0xc6, 0xe0, 0x1f, 0xe7,
    0x30, 0x37, 0x0, 0xff, 0x39, 0x81, 0xb8, 0x7,
    0xf9, 0xcc, 0xd, 0xc0, 0x3f, 0xce, 0x60, 0x1f,
    0xfc, 0x5e, 0x0, 0xff, 0xe0, 0x70, 0x70, 0x7,
    0xff, 0x3, 0x83, 0x80, 0x3f, 0xf8, 0x1c, 0x1c,
    0x1, 0xff, 0xc0, 0xe0, 0xf, 0xfe, 0x21, 0x90,
    0x7, 0xff, 0x0, 0x98, 0x80, 0x3f, 0xf8, 0x4,
    0xc4, 0x1, 0xff, 0xc0, 0x26, 0x20, 0xf, 0xfe,
    0x1, 0x18, 0x7, 0xff, 0xd, 0x40, 0x3f, 0xf8,
    0x54, 0x1, 0xff, 0xc2, 0xa0, 0xf, 0xfe, 0x15,
    0x0, 0x7f, 0xf0, 0x94, 0x3, 0xff, 0x86, 0x20,
    0x1f, 0xfc, 0x23, 0x0, 0xff, 0xe1, 0x18, 0x7,
    0xff, 0x8, 0xc0, 0x3f, 0xf8, 0x42, 0x1, 0xff,
    0xc3, 0x10, 0xf, 0xfe, 0x11, 0x80, 0x7f, 0xf0,
    0x8c, 0x3, 0xff, 0x84, 0x60, 0x1f, 0xfc, 0x21,
    0x0, 0xff, 0xe1, 0xa8, 0x7, 0xff, 0xa, 0x80,
    0x3f, 0xf8, 0x54, 0x1, 0xff, 0xc2, 0xa0, 0xf,
    0xfe, 0x12, 0x80, 0x7f, 0xf0, 0xcc, 0x80, 0x3f,
    0xf8, 0x4, 0xc4, 0x1, 0xff, 0xc0, 0x26, 0x20,
    0xf, 0xfe, 0x1, 0x31, 0x0, 0x7f, 0xf0, 0x8,
    0xc0, 0x3f, 0xf8, 0x9c, 0x1, 0xff, 0xc0, 0xe0,
    0xe0, 0xf, 0xfe, 0x7, 0x7, 0x0, 0x7f, 0xf0,
    0x38, 0x38, 0x3, 0xff, 0x81, 0xc0, 0x1f, 0xfc,
    0x53, 0x70, 0xf, 0xf3, 0x98, 0x1b, 0x80, 0x7f,
    0x9c, 0xc0, 0xdc, 0x3, 0xfc, 0xe6, 0x6, 0xe0,
    0x1f, 0xe7, 0x30, 0xf, 0xfe, 0x34, 0x48, 0x7,
    0xe9, 0x80, 0xa, 0x24, 0x3, 0xf4, 0xc0, 0x5,
    0x12, 0x1, 0xfa, 0x60, 0x2, 0x89, 0x0, 0xfd,
    0x30, 0x1, 0xff, 0xc8, 0x6e, 0x72, 0x0, 0x13,
    0xf3, 0x0, 0x73, 0x73, 0x90, 0x0, 0x9f, 0x98,
    0x3, 0x9b, 0x9c, 0x80, 0x4, 0xfc, 0xc0, 0x1c,
    0xdc, 0xe4, 0x0, 0x27, 0xe6, 0x0, 0xff, 0xe5,
    0xc, 0x6f, 0xfb, 0x60, 0x40, 0x3e, 0x18, 0xdf,
    0xf6, 0xc0, 0x80, 0x7c, 0x31, 0xbf, 0xed, 0x81,
    0x0, 0xff, 0xff, 0x80, 0x7c, 0xdc, 0xe4, 0x0,
    0x27, 0xf5, 0x0, 0xff, 0xfa, 0xc4, 0x80, 0x7c,
    0x35, 0x0, 0x1f, 0xff, 0x33, 0x70, 0xf, 0xf3,
    0x98, 0x7, 0xff, 0xcb, 0x80, 0x3f, 0xf8, 0x1c,
    0x1, 0xff, 0xf1, 0x32, 0x0, 0xff, 0xe0, 0x11,
    0x80, 0x7f, 0xfc, 0x14, 0x3, 0xff, 0x84, 0xa0,
    0x1f, 0xff, 0x1, 0x0, 0xff, 0xe1, 0x8, 0x7,
    0xff, 0xc0, 0x40, 0x3f, 0xf8, 0x42, 0x1, 0xff,
    0xf0, 0x50, 0xf, 0xfe, 0x12, 0x80, 0x7f, 0xfc,
    0xc, 0x80, 0x3f, 0xf8, 0x4, 0x60, 0x1f, 0xff,
    0x1e, 0x0, 0xff, 0xe0, 0x70, 0x7, 0xff, 0xc8,
    0xdc, 0x3, 0xfc, 0xe6, 0x1, 0xff, 0xf3, 0x89,
    0x0, 0xfd, 0x30, 0x1, 0xff, 0xf5, 0x6e, 0x72,
    0x0, 0x13, 0xf3, 0x0, 0x7f, 0xfa, 0x6, 0x37,
    0xfd, 0xb0, 0x20, 0x1f, 0xc, 0x6f, 0xfb, 0x60,
    0x40, 0x3f, 0xfd, 0xd, 0xce, 0x40, 0x2, 0x7f,
    0x50, 0xf, 0xff, 0xac, 0x48, 0x7, 0xc3, 0x50,
    0x1, 0xff, 0xf3, 0x37, 0x0, 0xff, 0x39, 0x80,
    0x7f, 0xfc, 0xb8, 0x3, 0xff, 0x81, 0xc0, 0x1f,
    0xff, 0x13, 0x20, 0xf, 0xfe, 0x1, 0x18, 0x7,
    0xff, 0xc1, 0x40, 0x3f, 0xf8, 0x4a, 0x1, 0xff,
    0xf0, 0x10, 0xf, 0xfe, 0x10, 0x80, 0x7f, 0xfc,
    0x4, 0x3, 0xff, 0x84, 0x20, 0x1f, 0xff, 0x5,
    0x0, 0xff, 0xe1, 0x28, 0x7, 0xff, 0xc0, 0xc8,
    0x3, 0xff, 0x80, 0x46, 0x1, 0xff, 0xf1, 0xe0,
    0xf, 0xfe, 0x7, 0x0, 0x7f, 0xfc, 0x8d, 0xc0,
    0x3f, 0xce, 0x60, 0x1f, 0xff, 0x38, 0x90, 0xf,
    0xd3, 0x0, 0x1f, 0xff, 0x56, 0xe7, 0x20, 0x1,
    0x3f, 0x30, 0x7, 0xff, 0x64, 0x63, 0x7f, 0xdb,
    0x2, 0x1, 0xf0, 0xc6, 0xff, 0xb6, 0x4, 0x3,
    0xe1, 0x8d, 0xff, 0x6c, 0x8, 0x7, 0xff, 0x65,
    0xb9, 0xc8, 0x0, 0x4f, 0xea, 0x1, 0xcd, 0xce,
    0x40, 0x2, 0x7f, 0x50, 0xf, 0xff, 0x34, 0x48,
    0x7, 0xc3, 0x50, 0x1, 0x44, 0x80, 0x7c, 0x35,
    0x0, 0x1f, 0xfe, 0x43, 0x70, 0xf, 0xf3, 0x98,
    0x1b, 0x80, 0x7f, 0x9c, 0xc0, 0x3f, 0xfc, 0x7c,
    0x1, 0xff, 0xc0, 0xe0, 0xe0, 0xf, 0xfe, 0x7,
    0x0, 0x7f, 0xf8, 0x8c, 0x80, 0x3f, 0xf8, 0x4,
    0xc4, 0x1, 0xff, 0xc0, 0x23, 0x0, 0xff, 0xf0,
    0xa8, 0x7, 0xff, 0xa, 0x80, 0x3f, 0xf8, 0x4a,
    0x1, 0xff, 0xe1, 0x10, 0xf, 0xfe, 0x11, 0x80,
    0x7f, 0xf0, 0x84, 0x3, 0xff, 0xc2, 0x20, 0x1f,
    0xfc, 0x23, 0x0, 0xff, 0xe1, 0x8, 0x7, 0xff,
    0x85, 0x40, 0x3f, 0xf8, 0x54, 0x1, 0xff, 0xc2,
    0x50, 0xf, 0xff, 0x9, 0x90, 0x7, 0xff, 0x0,
    0x98, 0x80, 0x3f, 0xf8, 0x4, 0x60, 0x1f, 0xfe,
    0x2e, 0x0, 0xff, 0xe0, 0x70, 0x70, 0x7, 0xff,
    0x3, 0x80, 0x3f, 0xfc, 0x66, 0xe0, 0x1f, 0xe7,
    0x30, 0x37, 0x0, 0xff, 0x39, 0x80, 0x7f, 0xf9,
    0x22, 0x40, 0x3f, 0x4c, 0x0, 0x51, 0x20, 0x1f,
    0xa6, 0x0, 0x3f, 0xfc, 0xcd, 0xce, 0x40, 0x2,
    0x7e, 0x60, 0xe, 0x6e, 0x72, 0x0, 0x13, 0xf3,
    0x0, 0x7f, 0xf5, 0x40,

    /* U+003A ":" */
    0x0, 0xc3, 0x1b, 0xfe, 0xd8, 0x10, 0xf, 0x9b,
    0x9c, 0x80, 0x4, 0xfe, 0xa0, 0x1d, 0x12, 0x1,
    0xf0, 0xd4, 0x0, 0x46, 0xe0, 0x1f, 0xe7, 0x30,
    0x7, 0x0, 0x7f, 0xf0, 0x38, 0xc, 0x80, 0x3f,
    0xf8, 0x4, 0x6a, 0x1, 0xff, 0xc2, 0x51, 0x0,
    0xff, 0xe1, 0x8, 0x80, 0x3f, 0xf8, 0x42, 0xa0,
    0x1f, 0xfc, 0x25, 0x32, 0x0, 0xff, 0xe0, 0x11,
    0x87, 0x0, 0x7f, 0xf0, 0x38, 0x0, 0x6e, 0x1,
    0xfe, 0x73, 0x0, 0xa2, 0x40, 0x3f, 0x4c, 0x0,
    0x73, 0x73, 0x90, 0x0, 0x9f, 0x98, 0x3, 0xe1,
    0x8d, 0xff, 0x6c, 0x8, 0x7, 0xff, 0xfc, 0x3,
    0xff, 0xfe, 0x1, 0xff, 0xff, 0x0, 0xff, 0xff,
    0x80, 0x7f, 0xff, 0xc0, 0x3f, 0xff, 0xe0, 0x1f,
    0xfc, 0xa1, 0x8d, 0xff, 0x6c, 0x8, 0x7, 0xcd,
    0xce, 0x40, 0x2, 0x7f, 0x50, 0xe, 0x89, 0x0,
    0xf8, 0x6a, 0x0, 0x23, 0x70, 0xf, 0xf3, 0x98,
    0x3, 0x80, 0x3f, 0xf8, 0x1c, 0x6, 0x40, 0x1f,
    0xfc, 0x2, 0x35, 0x0, 0xff, 0xe1, 0x28, 0x80,
    0x7f, 0xf0, 0x84, 0x40, 0x1f, 0xfc, 0x21, 0x50,
    0xf, 0xfe, 0x12, 0x99, 0x0, 0x7f, 0xf0, 0x8,
    0xc3, 0x80, 0x3f, 0xf8, 0x1c, 0x0, 0x37, 0x0,
    0xff, 0x39, 0x80, 0x51, 0x20, 0x1f, 0xa6, 0x0,
    0x39, 0xb9, 0xc8, 0x0, 0x4f, 0xcc, 0x1, 0x0,

    /* U+0067 "g" */
    0x0, 0xff, 0xe3, 0x8c, 0x6f, 0xfb, 0x60, 0x40,
    0x3e, 0x18, 0xdf, 0xf6, 0xc0, 0x80, 0x7c, 0x31,
    0xbf, 0xed, 0x81, 0x0, 0xff, 0xec, 0xb7, 0x39,
    0x0, 0x9, 0xfd, 0x40, 0x39, 0xb9, 0xc8, 0x0,
    0x4f, 0xea, 0x1, 0xcd, 0xce, 0x40, 0x2, 0x7f,
    0x50, 0xf, 0xfe, 0xbc, 0x48, 0x7, 0xc3, 0x50,
    0x1, 0x44, 0x80, 0x7c, 0x35, 0x0, 0x14, 0x48,
    0x7, 0xc3, 0x50, 0x1, 0xff, 0xd5, 0x37, 0x0,
    0xff, 0x39, 0x81, 0xb8, 0x7, 0xf9, 0xcc, 0xd,
    0xc0, 0x3f, 0xce, 0x60, 0x1f, 0xfd, 0x4e, 0x0,
    0xff, 0xe0, 0x70, 0x70, 0x7, 0xff, 0x3, 0x83,
    0x80, 0x3f, 0xf8, 0x1c, 0x1, 0xff, 0xd3, 0x32,
    0x0, 0xff, 0xe0, 0x13, 0x10, 0x7, 0xff, 0x0,
    0x98, 0x80, 0x3f, 0xf8, 0x4, 0x60, 0x1f, 0xfd,
    0x25, 0x0, 0xff, 0xe1, 0x50, 0x7, 0xff, 0xa,
    0x80, 0x3f, 0xf8, 0x4a, 0x1, 0xff, 0xd2, 0x10,
    0xf, 0xfe, 0x11, 0x80, 0x7f, 0xf0, 0x8c, 0x3,
    0xff, 0x84, 0x20, 0x1f, 0xfd, 0x21, 0x0, 0xff,
    0xe1, 0x18, 0x7, 0xff, 0x8, 0xc0, 0x3f, 0xf8,
    0x42, 0x1, 0xff, 0xd2, 0x50, 0xf, 0xfe, 0x15,
    0x0, 0x7f, 0xf0, 0xa8, 0x3, 0xff, 0x84, 0xa0,
    0x1f, 0xfd, 0x23, 0x20, 0xf, 0xfe, 0x1, 0x31,
    0x0, 0x7f, 0xf0, 0x9, 0x88, 0x3, 0xff, 0x80,
    0x46, 0x1, 0xff, 0xd3, 0xe0, 0xf, 0xfe, 0x7,
    0x7, 0x0, 0x7f, 0xf0, 0x38, 0x38, 0x3, 0xff,
    0x81, 0xc0, 0x1f, 0xfd, 0x43, 0x70, 0xf, 0xf3,
    0x98, 0x1b, 0x80, 0x7f, 0x9c, 0xc0, 0xdc, 0x3,
    0xfc, 0xe6, 0x1, 0xff, 0xd5, 0x89, 0x0, 0xfd,
    0x30, 0x1, 0x44, 0x80, 0x7e, 0x98, 0x0, 0xa2,
    0x40, 0x3f, 0x4c, 0x0, 0x7f, 0xf5, 0xdb, 0x9c,
    0x80, 0x4, 0xfc, 0xc0, 0x1c, 0xdc, 0xe4, 0x0,
    0x27, 0xe6, 0x0, 0xe6, 0xe7, 0x20, 0x1, 0x3f,
    0x30, 0x7, 0xff, 0x28, 0x63, 0x7f, 0xdb, 0x2,
    0x1, 0xf0, 0xc6, 0xff, 0xb6, 0x4, 0x3, 0xe1,
    0x8d, 0xff, 0x6c, 0x8, 0x7, 0xc3, 0x1b, 0xfe,
    0xd8, 0x10, 0xf, 0x86, 0x37, 0xfd, 0xb0, 0x20,
    0x1f, 0x37, 0x39, 0x0, 0x9, 0xfd, 0x40, 0x3f,
    0xfc, 0xcd, 0xce, 0x40, 0x2, 0x7f, 0x50, 0xe,
    0x89, 0x0, 0xf8, 0x6a, 0x0, 0x3f, 0xfc, 0x91,
    0x20, 0x1f, 0xd, 0x40, 0x4, 0x6e, 0x1, 0xfe,
    0x73, 0x0, 0xff, 0xf1, 0x1b, 0x80, 0x7f, 0x9c,
    0xc0, 0x1c, 0x1, 0xff, 0xc0, 0xe0, 0xf, 0xff,
    0x17, 0x0, 0x7f, 0xf0, 0x38, 0xc, 0x80, 0x3f,
    0xf8, 0x4, 0x60, 0x1f, 0xfe, 0x3, 0x20, 0xf,
    0xfe, 0x1, 0x1a, 0x80, 0x7f, 0xf0, 0x94, 0x3,
    0xff, 0xc0, 0xa0, 0x1f, 0xfc, 0x25, 0x10, 0xf,
    0xfe, 0x10, 0x80, 0x7f, 0xf8, 0x4, 0x3, 0xff,
    0x84, 0x22, 0x0, 0xff, 0xe1, 0x8, 0x7, 0xff,
    0x80, 0x40, 0x3f, 0xf8, 0x42, 0xa0, 0x1f, 0xfc,
    0x25, 0x0, 0xff, 0xf0, 0x28, 0x7, 0xff, 0x9,
    0x4c, 0x80, 0x3f, 0xf8, 0x4, 0x60, 0x1f, 0xfe,
    0x3, 0x20, 0xf, 0xfe, 0x1, 0x18, 0x70, 0x7,
    0xff, 0x3, 0x80, 0x3f, 0xfc, 0x5c, 0x1, 0xff,
    0xc0, 0xe0, 0x1, 0xb8, 0x7, 0xf9, 0xcc, 0x3,
    0xff, 0xc4, 0x6e, 0x1, 0xfe, 0x73, 0x0, 0xa2,
    0x40, 0x3f, 0x4c, 0x0, 0x7f, 0xf9, 0x22, 0x40,
    0x3f, 0x4c, 0x0, 0x73, 0x73, 0x90, 0x0, 0x9f,
    0x98, 0x3, 0xff, 0xcc, 0xdc, 0xe4, 0x0, 0x27,
    0xe6, 0x0, 0xff, 0xfb, 0x8c, 0x6f, 0xfb, 0x60,
    0x40, 0x3e, 0x6e, 0x72, 0x0, 0x13, 0xfa, 0x80,
    0x7f, 0xfd, 0x62, 0x40, 0x3e, 0x1a, 0x80, 0xf,
    0xff, 0x99, 0xb8, 0x7, 0xf9, 0xcc, 0x3, 0xff,
    0xe5, 0xc0, 0x1f, 0xfc, 0xe, 0x0, 0xff, 0xf8,
    0x99, 0x0, 0x7f, 0xf0, 0x8, 0xc0, 0x3f, 0xfe,
    0xa, 0x1, 0xff, 0xc2, 0x50, 0xf, 0xff, 0x80,
    0x80, 0x7f, 0xf0, 0x84, 0x3, 0xff, 0xe0, 0x20,
    0x1f, 0xfc, 0x21, 0x0, 0xff, 0xf8, 0x28, 0x7,
    0xff, 0x9, 0x40, 0x3f, 0xfe, 0x6, 0x40, 0x1f,
    0xfc, 0x2, 0x30, 0xf, 0xff, 0x8f, 0x0, 0x7f,
    0xf0, 0x38, 0x3, 0xff, 0xe4, 0x6e, 0x1, 0xfe,
    0x73, 0x0, 0xff, 0xf9, 0xc4, 0x80, 0x7e, 0x98,
    0x0, 0xff, 0xfa, 0xb7, 0x39, 0x0, 0x9, 0xf9,
    0x80, 0x3f, 0xff, 0xe0, 0x1f, 0xfc, 0xa1, 0x8d,
    0xff, 0x6c, 0x8, 0x7, 0xc3, 0x1b, 0xfe, 0xd8,
    0x10, 0xf, 0x86, 0x37, 0xfd, 0xb0, 0x20, 0x1f,
    0x37, 0x39, 0x0, 0x9, 0xfd, 0x40, 0x3f, 0xf9,
    0xd, 0xce, 0x40, 0x2, 0x7f, 0x50, 0xe, 0x6e,
    0x72, 0x0, 0x13, 0xfa, 0x80, 0x73, 0x73, 0x90,
    0x0, 0x9f, 0xd4, 0x3, 0xa2, 0x40, 0x3e, 0x1a,
    0x80, 0xf, 0xfe, 0x34, 0x48, 0x7, 0xc3, 0x50,
    0x1, 0x44, 0x80, 0x7c, 0x35, 0x0, 0x14, 0x48,
    0x7, 0xc3, 0x50, 0x1, 0x1b, 0x80, 0x7f, 0x9c,
    0xc0, 0x3f, 0xf8, 0x86, 0xe0, 0x1f, 0xe7, 0x30,
    0x37, 0x0, 0xff, 0x39, 0x81, 0xb8, 0x7, 0xf9,
    0xcc, 0x1, 0xc0, 0x1f, 0xfc, 0xe, 0x0, 0xff,
    0xe2, 0x70, 0x7, 0xff, 0x3, 0x83, 0x80, 0x3f,
    0xf8, 0x1c, 0x1c, 0x1, 0xff, 0xc0, 0xe0, 0x32,
    0x0, 0xff, 0xe0, 0x11, 0x80, 0x7f, 0xf0, 0x8c,
    0x80, 0x3f, 0xf8, 0x4, 0xc4, 0x1, 0xff, 0xc0,
    0x26, 0x20, 0xf, 0xfe, 0x1, 0x1a, 0x80, 0x7f,
    0xf0, 0x94, 0x3, 0xff, 0x84, 0xa0, 0x1f, 0xfc,
    0x2a, 0x0, 0xff, 0xe1, 0x50, 0x7, 0xff, 0x9,
    0x44, 0x3, 0xff, 0x84, 0x20, 0x1f, 0xfc, 0x21,
    0x0, 0xff, 0xe1, 0x18, 0x7, 0xff, 0x8, 0xc0,
    0x3f, 0xf8, 0x42, 0x20, 0xf, 0xfe, 0x10, 0x80,
    0x7f, 0xf0, 0x84, 0x3, 0xff, 0x84, 0x60, 0x1f,
    0xfc, 0x23, 0x0, 0xff, 0xe1, 0xa, 0x80, 0x7f,
    0xf0, 0x94, 0x3, 0xff, 0x84, 0xa0, 0x1f, 0xfc,
    0x2a, 0x0, 0xff, 0xe1, 0x50, 0x7, 0xff, 0x9,
    0x4c, 0x80, 0x3f, 0xf8, 0x4, 0x60, 0x1f, 0xfc,
    0x23, 0x20, 0xf, 0xfe, 0x1, 0x31, 0x0, 0x7f,
    0xf0, 0x9, 0x88, 0x3, 0xff, 0x80, 0x46, 0x1c,
    0x1, 0xff, 0xc0, 0xe0, 0xf, 0xfe, 0x27, 0x0,
    0x7f, 0xf0, 0x38, 0x38, 0x3, 0xff, 0x81, 0xc1,
    0xc0, 0x1f, 0xfc, 0xe, 0x0, 0x1b, 0x80, 0x7f,
    0x9c, 0xc0, 0x3f, 0xf8, 0x86, 0xe0, 0x1f, 0xe7,
    0x30, 0x37, 0x0, 0xff, 0x39, 0x81, 0xb8, 0x7,
    0xf9, 0xcc, 0x2, 0x89, 0x0, 0xfd, 0x30, 0x1,
    0xff, 0xc6, 0x89, 0x0, 0xfd, 0x30, 0x1, 0x44,
    0x80, 0x7e, 0x98, 0x0, 0xa2, 0x40, 0x3f, 0x4c,
    0x0, 0x73, 0x73, 0x90, 0x0, 0x9f, 0x98, 0x3,
    0xff, 0x90, 0xdc, 0xe4, 0x0, 0x27, 0xe6, 0x0,
    0xe6, 0xe7, 0x20, 0x1, 0x3f, 0x30, 0x7, 0x37,
    0x39, 0x0, 0x9, 0xf9, 0x80, 0x3f, 0xfb, 0x23,
    0x1b, 0xfe, 0xd8, 0x10, 0xf, 0x86, 0x37, 0xfd,
    0xb0, 0x20, 0x1f, 0xfc, 0xa6, 0xe7, 0x20, 0x1,
    0x3f, 0xa8, 0x7, 0xff, 0x99, 0xb9, 0xc8, 0x0,
    0x4f, 0xea, 0x1, 0xd1, 0x20, 0x1f, 0xd, 0x40,
    0x7, 0xff, 0x92, 0x24, 0x3, 0xe1, 0xa8, 0x0,
    0x8d, 0xc0, 0x3f, 0xce, 0x60, 0x1f, 0xfe, 0x23,
    0x70, 0xf, 0xf3, 0x98, 0x3, 0x80, 0x3f, 0xf8,
    0x1c, 0x1, 0xff, 0xe2, 0xe0, 0xf, 0xfe, 0x7,
    0x1, 0x90, 0x7, 0xff, 0x0, 0x8c, 0x3, 0xff,
    0xc0, 0x64, 0x1, 0xff, 0xc0, 0x23, 0x50, 0xf,
    0xfe, 0x12, 0x80, 0x7f, 0xf8, 0x14, 0x3, 0xff,
    0x84, 0xa2, 0x1, 0xff, 0xc2, 0x10, 0xf, 0xff,
    0x0, 0x80, 0x7f, 0xf0, 0x84, 0x40, 0x1f, 0xfc,
    0x21, 0x0, 0xff, 0xf0, 0x8, 0x7, 0xff, 0x8,
    0x54, 0x3, 0xff, 0x84, 0xa0, 0x1f, 0xfe, 0x5,
    0x0, 0xff, 0xe1, 0x29, 0x90, 0x7, 0xff, 0x0,
    0x8c, 0x3, 0xff, 0xc0, 0x64, 0x1, 0xff, 0xc0,
    0x23, 0xe, 0x0, 0xff, 0xe0, 0x70, 0x7, 0xff,
    0x8b, 0x80, 0x3f, 0xf8, 0x1c, 0x0, 0x37, 0x0,
    0xff, 0x39, 0x80, 0x7f, 0xf8, 0x8d, 0xc0, 0x3f,
    0xce, 0x60, 0x14, 0x48, 0x7, 0xe9, 0x80, 0xf,
    0xff, 0x24, 0x48, 0x7, 0xe9, 0x80, 0xe, 0x6e,
    0x72, 0x0, 0x13, 0xf3, 0x0, 0x7f, 0xf9, 0x9b,
    0x9c, 0x80, 0x4, 0xfc, 0xc0, 0x1f, 0xff, 0xf0,
    0xf, 0x9b, 0x9c, 0x80, 0x4, 0xfe, 0xa0, 0x1f,
    0xfe, 0x66, 0xe7, 0x20, 0x1, 0x3f, 0xa8, 0x7,
    0x44, 0x80, 0x7c, 0x35, 0x0, 0x1f, 0xfe, 0x48,
    0x90, 0xf, 0x86, 0xa0, 0x2, 0x37, 0x0, 0xff,
    0x39, 0x80, 0x7f, 0xf8, 0x8d, 0xc0, 0x3f, 0xce,
    0x60, 0xe, 0x0, 0xff, 0xe0, 0x70, 0x7, 0xff,
    0x8b, 0x80, 0x3f, 0xf8, 0x1c, 0x6, 0x40, 0x1f,
    0xfc, 0x2, 0x30, 0xf, 0xff, 0x1, 0x90, 0x7,
    0xff, 0x0, 0x8d, 0x40, 0x3f, 0xf8, 0x4a, 0x1,
    0xff, 0xe0, 0x50, 0xf, 0xfe, 0x12, 0x88, 0x7,
    0xff, 0x8, 0x40, 0x3f, 0xfc, 0x2, 0x1, 0xff,
    0xc2, 0x11, 0x0, 0x7f, 0xf0, 0x84, 0x3, 0xff,
    0xc0, 0x20, 0x1f, 0xfc, 0x21, 0x50, 0xf, 0xfe,
    0x12, 0x80, 0x7f, 0xf8, 0x14, 0x3, 0xff, 0x84,
    0xa6, 0x40, 0x1f, 0xfc, 0x2, 0x30, 0xf, 0xff,
    0x1, 0x90, 0x7, 0xff, 0x0, 0x8c, 0x38, 0x3,
    0xff, 0x81, 0xc0, 0x1f, 0xfe, 0x2e, 0x0, 0xff,
    0xe0, 0x70, 0x0, 0xdc, 0x3, 0xfc, 0xe6, 0x1,
    0xff, 0xe2, 0x37, 0x0, 0xff, 0x39, 0x80, 0x51,
    0x20, 0x1f, 0xa6, 0x0, 0x3f, 0xfc, 0x91, 0x20,
    0x1f, 0xa6, 0x0, 0x39, 0xb9, 0xc8, 0x0, 0x4f,
    0xcc, 0x1, 0xff, 0xe6, 0x6e, 0x72, 0x0, 0x13,
    0xf3, 0x0, 0x7c, 0x31, 0xbf, 0xed, 0x81, 0x0,
    0xf8, 0x63, 0x7f, 0xdb, 0x2, 0x1, 0xf0, 0xc6,
    0xff, 0xb6, 0x4, 0x3, 0xe1, 0x8d, 0xff, 0x6c,
    0x8, 0x7, 0xc3, 0x1b, 0xfe, 0xd8, 0x10, 0xf,
    0xfe, 0x53, 0x73, 0x90, 0x0, 0x9f, 0xd4, 0x3,
    0x9b, 0x9c, 0x80, 0x4, 0xfe, 0xa0, 0x1c, 0xdc,
    0xe4, 0x0, 0x27, 0xf5, 0x0, 0xff, 0xeb, 0xc4,
    0x80, 0x7c, 0x35, 0x0, 0x14, 0x48, 0x7, 0xc3,
    0x50, 0x1, 0x44, 0x80, 0x7c, 0x35, 0x0, 0x1f,
    0xfd, 0x53, 0x70, 0xf, 0xf3, 0x98, 0x1b, 0x80,
    0x7f, 0x9c, 0xc0, 0xdc, 0x3, 0xfc, 0xe6, 0x1,
    0xff, 0xd4, 0xe0, 0xf, 0xfe, 0x7, 0x7, 0x0,
    0x7f, 0xf0, 0x38, 0x38, 0x3, 0xff, 0x81, 0xc0,
    0x1f, 0xfd, 0x33, 0x20, 0xf, 0xfe, 0x1, 0x31,
    0x0, 0x7f, 0xf0, 0x9, 0x88, 0x3, 0xff, 0x80,
    0x46, 0x1, 0xff, 0xd2, 0x50, 0xf, 0xfe, 0x15,
    0x0, 0x7f, 0xf0, 0xa8, 0x3, 0xff, 0x84, 0xa0,
    0x1f, 0xfd, 0x21, 0x0, 0xff, 0xe1, 0x18, 0x7,
    0xff, 0x8, 0xc0, 0x3f, 0xf8, 0x42, 0x1, 0xff,
    0xd2, 0x10, 0xf, 0xfe, 0x11, 0x80, 0x7f, 0xf0,
    0x8c, 0x3, 0xff, 0x84, 0x20, 0x1f, 0xfd, 0x25,
    0x0, 0xff, 0xe1, 0x50, 0x7, 0xff, 0xa, 0x80,
    0x3f, 0xf8, 0x4a, 0x1, 0xff, 0xd2, 0x32, 0x0,
    0xff, 0xe0, 0x13, 0x10, 0x7, 0xff, 0x0, 0x98,
    0x80, 0x3f, 0xf8, 0x4, 0x60, 0x1f, 0xfd, 0x3e,
    0x0, 0xff, 0xe0, 0x70, 0x70, 0x7, 0xff, 0x3,
    0x83, 0x80, 0x3f, 0xf8, 0x1c, 0x1, 0xff, 0xd4,
    0x37, 0x0, 0xff, 0x39, 0x81, 0xb8, 0x7, 0xf9,
    0xcc, 0xd, 0xc0, 0x3f, 0xce, 0x60, 0x1f, 0xfd,
    0x58, 0x90, 0xf, 0xd3, 0x0, 0x14, 0x48, 0x7,
    0xe9, 0x80, 0xa, 0x24, 0x3, 0xf4, 0xc0, 0x7,
    0xff, 0x5d, 0xb9, 0xc8, 0x0, 0x4f, 0xcc, 0x1,
    0xcd, 0xce, 0x40, 0x2, 0x7e, 0x60, 0xe, 0x6e,
    0x72, 0x0, 0x13, 0xf3, 0x0, 0x7f, 0xf1, 0x80,

    /* U+0073 "s" */
    0x0, 0xff, 0xe3, 0x8c, 0x6f, 0xfb, 0x60, 0x40,
    0x3e, 0x18, 0xdf, 0xf6, 0xc0, 0x80, 0x7c, 0x31,
    0xbf, 0xed, 0x81, 0x0, 0xff, 0xec, 0xb7, 0x39,
    0x0, 0x9, 0xfd, 0x40, 0x39, 0xb9, 0xc8, 0x0,
    0x4f, 0xea, 0x1, 0xcd, 0xce, 0x40, 0x2, 0x7f,
    0x50, 0xf, 0xfe, 0xbc, 0x48, 0x7, 0xc3, 0x50,
    0x1, 0x44, 0x80, 0x7c, 0x35, 0x0, 0x14, 0x48,
    0x7, 0xc3, 0x50, 0x1, 0xff, 0xd5, 0x37, 0x0,
    0xff, 0x39, 0x81, 0xb8, 0x7, 0xf9, 0xcc, 0xd,
    0xc0, 0x3f, 0xce, 0x60, 0x1f, 0xfd, 0x4e, 0x0,
    0xff, 0xe0, 0x70, 0x70, 0x7, 0xff, 0x3, 0x83,
    0x80, 0x3f, 0xf8, 0x1c, 0x1, 0xff, 0xd3, 0x32,
    0x0, 0xff, 0xe0, 0x13, 0x10, 0x7, 0xff, 0x0,
    0x98, 0x80, 0x3f, 0xf8, 0x4, 0x60, 0x1f, 0xfd,
    0x25, 0x0, 0xff, 0xe1, 0x50, 0x7, 0xff, 0xa,
    0x80, 0x3f, 0xf8, 0x4a, 0x1, 0xff, 0xd2, 0x10,
    0xf, 0xfe, 0x11, 0x80, 0x7f, 0xf0, 0x8c, 0x3,
    0xff, 0x84, 0x20, 0x1f, 0xfd, 0x21, 0x0, 0xff,
    0xe1, 0x18, 0x7, 0xff, 0x8, 0xc0, 0x3f, 0xf8,
    0x42, 0x1, 0xff, 0xd2, 0x50, 0xf, 0xfe, 0x15,
    0x0, 0x7f, 0xf0, 0xa8, 0x3, 0xff, 0x84, 0xa0,
    0x1f, 0xfd, 0x23, 0x20, 0xf, 0xfe, 0x1, 0x31,
    0x0, 0x7f, 0xf0, 0x9, 0x88, 0x3, 0xff, 0x80,
    0x46, 0x1, 0xff, 0xd3, 0xe0, 0xf, 0xfe, 0x7,
    0x7, 0x0, 0x7f, 0xf0, 0x38, 0x38, 0x3, 0xff,
    0x81, 0xc0, 0x1f, 0xfd, 0x43, 0x70, 0xf, 0xf3,
    0x98, 0x1b, 0x80, 0x7f, 0x9c, 0xc0, 0xdc, 0x3,
    0xfc, 0xe6, 0x1, 0xff, 0xd5, 0x89, 0x0, 0xfd,
    0x30, 0x1, 0x44, 0x80, 0x7e, 0x98, 0x0, 0xa2,
    0x40, 0x3f, 0x4c, 0x0, 0x7f, 0xf5, 0xdb, 0x9c,
    0x80, 0x4, 0xfc, 0xc0, 0x1c, 0xdc, 0xe4, 0x0,
    0x27, 0xe6, 0x0, 0xe6, 0xe7, 0x20, 0x1, 0x3f,
    0x30, 0x7, 0xff, 0x28, 0x63, 0x7f, 0xdb, 0x2,
    0x1, 0xf0, 0xc6, 0xff, 0xb6, 0x4, 0x3, 0xe1,
    0x8d, 0xff, 0x6c, 0x8, 0x7, 0xc3, 0x1b, 0xfe,
    0xd8, 0x10, 0xf, 0x86, 0x37, 0xfd, 0xb0, 0x20,
    0x1f, 0x37, 0x39, 0x0, 0x9, 0xfd, 0x40, 0x3f,
    0xfc, 0xcd, 0xce, 0x40, 0x2, 0x7f, 0x50, 0xe,
    0x89, 0x0, 0xf8, 0x6a, 0x0, 0x3f, 0xfc, 0x91,
    0x20, 0x1f, 0xd, 0x40, 0x4, 0x6e, 0x1, 0xfe,
    0x73, 0x0, 0xff, 0xf1, 0x1b, 0x80, 0x7f, 0x9c,
    0xc0, 0x1c, 0x1, 0xff, 0xc0, 0xe0, 0xf, 0xff,
    0x17, 0x0, 0x7f, 0xf0, 0x38, 0xc, 0x80, 0x3f,
    0xf8, 0x4, 0x60, 0x1f, 0xfe, 0x3, 0x20, 0xf,
    0xfe, 0x1, 0x1a, 0x80, 0x7f, 0xf0, 0x94, 0x3,
    0xff, 0xc0, 0xa0, 0x1f, 0xfc, 0x25, 0x10, 0xf,
    0xfe, 0x10, 0x80, 0x7f, 0xf8, 0x4, 0x3, 0xff,
    0x84, 0x22, 0x0, 0xff, 0xe1, 0x8, 0x7, 0xff,
    0x80, 0x40, 0x3f, 0xf8, 0x42, 0xa0, 0x1f, 0xfc,
    0x25, 0x0, 0xff, 0xf0, 0x28, 0x7, 0xff, 0x9,
    0x4c, 0x80, 0x3f, 0xf8, 0x4, 0x60, 0x1f, 0xfe,
    0x3, 0x20, 0xf, 0xfe, 0x1, 0x18, 0x70, 0x7,
    0xff, 0x3, 0x80, 0x3f, 0xfc, 0x5c, 0x1, 0xff,
    0xc0, 0xe0, 0x1, 0xb8, 0x7, 0xf9, 0xcc, 0x3,
    0xff, 0xc4, 0x6e, 0x1, 0xfe, 0x73, 0x0, 0xa2,
    0x40, 0x3f, 0x4c, 0x0, 0x7f, 0xf9, 0x22, 0x40,
    0x3f, 0x4c, 0x0, 0x73, 0x73, 0x90, 0x0, 0x9f,
    0x98, 0x3, 0xff, 0xcc, 0xdc, 0xe4, 0x0, 0x27,
    0xe6, 0x0, 0xff, 0xfb, 0x8c, 0x6f, 0xfb, 0x60,
    0x40, 0x3e, 0x6e, 0x72, 0x0, 0x13, 0xfa, 0x80,
    0x7f, 0xfd, 0x62, 0x40, 0x3e, 0x1a, 0x80, 0xf,
    0xff, 0x99, 0xb8, 0x7, 0xf9, 0xcc, 0x3, 0xff,
    0xe5, 0xc0, 0x1f, 0xfc, 0xe, 0x0, 0xff, 0xf8,
    0x99, 0x0, 0x7f, 0xf0, 0x8, 0xc0, 0x3f, 0xfe,
    0xa, 0x1, 0xff, 0xc2, 0x50, 0xf, 0xff, 0x80,
    0x80, 0x7f, 0xf0, 0x84, 0x3, 0xff, 0xe0, 0x20,
    0x1f, 0xfc, 0x21, 0x0, 0xff, 0xf8, 0x28, 0x7,
    0xff, 0x9, 0x40, 0x3f, 0xfe, 0x6, 0x40, 0x1f,
    0xfc, 0x2, 0x30, 0xf, 0xff, 0x8f, 0x0, 0x7f,
    0xf0, 0x38, 0x3, 0xff, 0xe4, 0x6e, 0x1, 0xfe,
    0x73, 0x0, 0xff, 0xf9, 0xc4, 0x80, 0x7e, 0x98,
    0x0, 0xff, 0xfa, 0xb7, 0x39, 0x0, 0x9, 0xf9,
    0x80, 0x3f, 0xfe, 0xe3, 0x1b, 0xfe, 0xd8, 0x10,
    0xf, 0x86, 0x37, 0xfd, 0xb0, 0x20, 0x1f, 0xc,
    0x6f, 0xfb, 0x60, 0x40, 0x3e, 0x18, 0xdf, 0xf6,
    0xc0, 0x80, 0x7f, 0xf6, 0x5b, 0x9c, 0x80, 0x4,
    0xfe, 0xa0, 0x1c, 0xdc, 0xe4, 0x0, 0x27, 0xf5,
    0x0, 0xe6, 0xe7, 0x20, 0x1, 0x3f, 0xa8, 0x7,
    0xff, 0x5e, 0x24, 0x3, 0xe1, 0xa8, 0x0, 0xa2,
    0x40, 0x3e, 0x1a, 0x80, 0xa, 0x24, 0x3, 0xe1,
    0xa8, 0x0, 0xff, 0xea, 0x9b, 0x80, 0x7f, 0x9c,
    0xc0, 0xdc, 0x3, 0xfc, 0xe6, 0x6, 0xe0, 0x1f,
    0xe7, 0x30, 0xf, 0xfe, 0xa7, 0x0, 0x7f, 0xf0,
    0x38, 0x38, 0x3, 0xff, 0x81, 0xc1, 0xc0, 0x1f,
    0xfc, 0xe, 0x0, 0xff, 0xe9, 0x99, 0x0, 0x7f,
    0xf0, 0x9, 0x88, 0x3, 0xff, 0x80, 0x4c, 0x40,
    0x1f, 0xfc, 0x2, 0x30, 0xf, 0xfe, 0x92, 0x80,
    0x7f, 0xf0, 0xa8, 0x3, 0xff, 0x85, 0x40, 0x1f,
    0xfc, 0x25, 0x0, 0xff, 0xe9, 0x8, 0x7, 0xff,
    0x8, 0xc0, 0x3f, 0xf8, 0x46, 0x1, 0xff, 0xc2,
    0x10, 0xf, 0xfe, 0x90, 0x80, 0x7f, 0xf0, 0x8c,
    0x3, 0xff, 0x84, 0x60, 0x1f, 0xfc, 0x21, 0x0,
    0xff, 0xe9, 0x28, 0x7, 0xff, 0xa, 0x80, 0x3f,
    0xf8, 0x54, 0x1, 0xff, 0xc2, 0x50, 0xf, 0xfe,
    0x91, 0x90, 0x7, 0xff, 0x0, 0x98, 0x80, 0x3f,
    0xf8, 0x4, 0xc4, 0x1, 0xff, 0xc0, 0x23, 0x0,
    0xff, 0xe9, 0xf0, 0x7, 0xff, 0x3, 0x83, 0x80,
    0x3f, 0xf8, 0x1c, 0x1c, 0x1, 0xff, 0xc0, 0xe0,
    0xf, 0xfe, 0xa1, 0xb8, 0x7, 0xf9, 0xcc, 0xd,
    0xc0, 0x3f, 0xce, 0x60, 0x6e, 0x1, 0xfe, 0x73,
    0x0, 0xff, 0xea, 0xc4, 0x80, 0x7e, 0x98, 0x0,
    0xa2, 0x40, 0x3f, 0x4c, 0x0, 0x51, 0x20, 0x1f,
    0xa6, 0x0, 0x3f, 0xfa, 0xed, 0xce, 0x40, 0x2,
    0x7e, 0x60, 0xe, 0x6e, 0x72, 0x0, 0x13, 0xf3,
    0x0, 0x73, 0x73, 0x90, 0x0, 0x9f, 0x98, 0x3,
    0xff, 0xb2, 0x31, 0xbf, 0xed, 0x81, 0x0, 0xf8,
    0x63, 0x7f, 0xdb, 0x2, 0x1, 0xf0, 0xc6, 0xff,
    0xb6, 0x4, 0x3, 0xe1, 0x8d, 0xff, 0x6c, 0x8,
    0x7, 0xff, 0xdd, 0xb9, 0xc8, 0x0, 0x4f, 0xea,
    0x1, 0xff, 0xf5, 0x89, 0x0, 0xf8, 0x6a, 0x0,
    0x3f, 0xfe, 0x66, 0xe0, 0x1f, 0xe7, 0x30, 0xf,
    0xff, 0x97, 0x0, 0x7f, 0xf0, 0x38, 0x3, 0xff,
    0xe2, 0x64, 0x1, 0xff, 0xc0, 0x23, 0x0, 0xff,
    0xf8, 0x28, 0x7, 0xff, 0x9, 0x40, 0x3f, 0xfe,
    0x2, 0x1, 0xff, 0xc2, 0x10, 0xf, 0xff, 0x80,
    0x80, 0x7f, 0xf0, 0x84, 0x3, 0xff, 0xe0, 0xa0,
    0x1f, 0xfc, 0x25, 0x0, 0xff, 0xf8, 0x19, 0x0,
    0x7f, 0xf0, 0x8, 0xc0, 0x3f, 0xfe, 0x3c, 0x1,
    0xff, 0xc0, 0xe0, 0xf, 0xff, 0x91, 0xb8, 0x7,
    0xf9, 0xcc, 0x3, 0xff, 0xe7, 0x12, 0x1, 0xfa,
    0x60, 0x3, 0xff, 0xea, 0xdc, 0xe4, 0x0, 0x27,
    0xe6, 0x0, 0xf8, 0x63, 0x7f, 0xdb, 0x2, 0x1,
    0xff, 0xf7, 0x6e, 0x72, 0x0, 0x13, 0xfa, 0x80,
    0x7f, 0xf9, 0x9b, 0x9c, 0x80, 0x4, 0xfe, 0xa0,
    0x1d, 0x12, 0x1, 0xf0, 0xd4, 0x0, 0x7f, 0xf9,
    0x22, 0x40, 0x3e, 0x1a, 0x80, 0x8, 0xdc, 0x3,
    0xfc, 0xe6, 0x1, 0xff, 0xe2, 0x37, 0x0, 0xff,
    0x39, 0x80, 0x38, 0x3, 0xff, 0x81, 0xc0, 0x1f,
    0xfe, 0x2e, 0x0, 0xff, 0xe0, 0x70, 0x19, 0x0,
    0x7f, 0xf0, 0x8, 0xc0, 0x3f, 0xfc, 0x6, 0x40,
    0x1f, 0xfc, 0x2, 0x35, 0x0, 0xff, 0xe1, 0x28,
    0x7, 0xff, 0x81, 0x40, 0x3f, 0xf8, 0x4a, 0x20,
    0x1f, 0xfc, 0x21, 0x0, 0xff, 0xf0, 0x8, 0x7,
    0xff, 0x8, 0x44, 0x1, 0xff, 0xc2, 0x10, 0xf,
    0xff, 0x0, 0x80, 0x7f, 0xf0, 0x85, 0x40, 0x3f,
    0xf8, 0x4a, 0x1, 0xff, 0xe0, 0x50, 0xf, 0xfe,
    0x12, 0x99, 0x0, 0x7f, 0xf0, 0x8, 0xc0, 0x3f,
    0xfc, 0x6, 0x40, 0x1f, 0xfc, 0x2, 0x30, 0xe0,
    0xf, 0xfe, 0x7, 0x0, 0x7f, 0xf8, 0xb8, 0x3,
    0xff, 0x81, 0xc0, 0x3, 0x70, 0xf, 0xf3, 0x98,
    0x7, 0xff, 0x88, 0xdc, 0x3, 0xfc, 0xe6, 0x1,
    0x44, 0x80, 0x7e, 0x98, 0x0, 0xff, 0xf2, 0x44,
    0x80, 0x7e, 0x98, 0x0, 0xe6, 0xe7, 0x20, 0x1,
    0x3f, 0x30, 0x7, 0xff, 0x99, 0xb9, 0xc8, 0x0,
    0x4f, 0xcc, 0x1, 0xf0, 0xc6, 0xff, 0xb6, 0x4,
    0x3, 0xe1, 0x8d, 0xff, 0x6c, 0x8, 0x7, 0xc3,
    0x1b, 0xfe, 0xd8, 0x10, 0xf, 0x86, 0x37, 0xfd,
    0xb0, 0x20, 0x1f, 0xc, 0x6f, 0xfb, 0x60, 0x40,
    0x3f, 0xf9, 0x4d, 0xce, 0x40, 0x2, 0x7f, 0x50,
    0xe, 0x6e, 0x72, 0x0, 0x13, 0xfa, 0x80, 0x73,
    0x73, 0x90, 0x0, 0x9f, 0xd4, 0x3, 0xff, 0xaf,
    0x12, 0x1, 0xf0, 0xd4, 0x0, 0x51, 0x20, 0x1f,
    0xd, 0x40, 0x5, 0x12, 0x1, 0xf0, 0xd4, 0x0,
    0x7f, 0xf5, 0x4d, 0xc0, 0x3f, 0xce, 0x60, 0x6e,
    0x1, 0xfe, 0x73, 0x3, 0x70, 0xf, 0xf3, 0x98,
    0x7, 0xff, 0x53, 0x80, 0x3f, 0xf8, 0x1c, 0x1c,
    0x1, 0xff, 0xc0, 0xe0, 0xe0, 0xf, 0xfe, 0x7,
    0x0, 0x7f, 0xf4, 0xcc, 0x80, 0x3f, 0xf8, 0x4,
    0xc4, 0x1, 0xff, 0xc0, 0x26, 0x20, 0xf, 0xfe,
    0x1, 0x18, 0x7, 0xff, 0x49, 0x40, 0x3f, 0xf8,
    0x54, 0x1, 0xff, 0xc2, 0xa0, 0xf, 0xfe, 0x12,
    0x80, 0x7f, 0xf4, 0x84, 0x3, 0xff, 0x84, 0x60,
    0x1f, 0xfc, 0x23, 0x0, 0xff, 0xe1, 0x8, 0x7,
    0xff, 0x48, 0x40, 0x3f, 0xf8, 0x46, 0x1, 0xff,
    0xc2, 0x30, 0xf, 0xfe, 0x10, 0x80, 0x7f, 0xf4,
    0x94, 0x3, 0xff, 0x85, 0x40, 0x1f, 0xfc, 0x2a,
    0x0, 0xff, 0xe1, 0x28, 0x7, 0xff, 0x48, 0xc8,
    0x3, 0xff, 0x80, 0x4c, 0x40, 0x1f, 0xfc, 0x2,
    0x62, 0x0, 0xff, 0xe0, 0x11, 0x80, 0x7f, 0xf4,
    0xf8, 0x3, 0xff, 0x81, 0xc1, 0xc0, 0x1f, 0xfc,
    0xe, 0xe, 0x0, 0xff, 0xe0, 0x70, 0x7, 0xff,
    0x50, 0xdc, 0x3, 0xfc, 0xe6, 0x6, 0xe0, 0x1f,
    0xe7, 0x30, 0x37, 0x0, 0xff, 0x39, 0x80, 0x7f,
    0xf5, 0x62, 0x40, 0x3f, 0x4c, 0x0, 0x51, 0x20,
    0x1f, 0xa6, 0x0, 0x28, 0x90, 0xf, 0xd3, 0x0,
    0x1f, 0xfd, 0x76, 0xe7, 0x20, 0x1, 0x3f, 0x30,
    0x7, 0x37, 0x39, 0x0, 0x9, 0xf9, 0x80, 0x39,
    0xb9, 0xc8, 0x0, 0x4f, 0xcc, 0x1, 0xff, 0xc6,

    /* U+00B0 "°" */
    0x0, 0xff, 0xe3, 0x8c, 0x6f, 0xfb, 0x60, 0x40,
    0x3f, 0xfb, 0x2d, 0xce, 0x40, 0x2, 0x7f, 0x50,
    0xf, 0xfe, 0xbc, 0x48, 0x7, 0xc3, 0x50, 0x1,
    0xff, 0xd5, 0x37, 0x0, 0xff, 0x39, 0x80, 0x7f,
    0xf5, 0x38, 0x3, 0xff, 0x81, 0xc0, 0x1f, 0xfd,
    0x33, 0x20, 0xf, 0xfe, 0x1, 0x18, 0x7, 0xff,
    0x49, 0x40, 0x3f, 0xf8, 0x4a, 0x1, 0xff, 0xd2,
    0x10, 0xf, 0xfe, 0x10, 0x80, 0x7f, 0xf4, 0x84,
    0x3, 0xff, 0x84, 0x20, 0x1f, 0xfd, 0x25, 0x0,
    0xff, 0xe1, 0x28, 0x7, 0xff, 0x48, 0xc8, 0x3,
    0xff, 0x80, 0x46, 0x1, 0xff, 0xd3, 0xe0, 0xf,
    0xfe, 0x7, 0x0, 0x7f, 0xf5, 0xd, 0xc0, 0x3f,
    0xce, 0x60, 0x1f, 0xfd, 0x58, 0x90, 0xf, 0xd3,
    0x0, 0x1f, 0xfd, 0x76, 0xe7, 0x20, 0x1, 0x3f,
    0x30, 0x7, 0xff, 0x28, 0x63, 0x7f, 0xdb, 0x2,
    0x1, 0xf0, 0xc6, 0xff, 0xb6, 0x4, 0x3, 0xe1,
    0x8d, 0xff, 0x6c, 0x8, 0x7, 0xcd, 0xce, 0x40,
    0x2, 0x7f, 0x50, 0xf, 0xfe, 0x43, 0x73, 0x90,
    0x0, 0x9f, 0xd4, 0x3, 0xa2, 0x40, 0x3e, 0x1a,
    0x80, 0xf, 0xfe, 0x34, 0x48, 0x7, 0xc3, 0x50,
    0x1, 0x1b, 0x80, 0x7f, 0x9c, 0xc0, 0x3f, 0xf8,
    0x86, 0xe0, 0x1f, 0xe7, 0x30, 0x7, 0x0, 0x7f,
    0xf0, 0x38, 0x3, 0xff, 0x89, 0xc0, 0x1f, 0xfc,
    0xe, 0x3, 0x20, 0xf, 0xfe, 0x1, 0x18, 0x7,
    0xff, 0x8, 0xc8, 0x3, 0xff, 0x80, 0x46, 0xa0,
    0x1f, 0xfc, 0x25, 0x0, 0xff, 0xe1, 0x28, 0x7,
    0xff, 0x9, 0x44, 0x3, 0xff, 0x84, 0x20, 0x1f,
    0xfc, 0x21, 0x0, 0xff, 0xe1, 0x8, 0x80, 0x3f,
    0xf8, 0x42, 0x1, 0xff, 0xc2, 0x10, 0xf, 0xfe,
    0x10, 0xa8, 0x7, 0xff, 0x9, 0x40, 0x3f, 0xf8,
    0x4a, 0x1, 0xff, 0xc2, 0x53, 0x20, 0xf, 0xfe,
    0x1, 0x18, 0x7, 0xff, 0x8, 0xc8, 0x3, 0xff,
    0x80, 0x46, 0x1c, 0x1, 0xff, 0xc0, 0xe0, 0xf,
    0xfe, 0x27, 0x0, 0x7f, 0xf0, 0x38, 0x0, 0x6e,
    0x1, 0xfe, 0x73, 0x0, 0xff, 0xe2, 0x1b, 0x80,
    0x7f, 0x9c, 0xc0, 0x28, 0x90, 0xf, 0xd3, 0x0,
    0x1f, 0xfc, 0x68, 0x90, 0xf, 0xd3, 0x0, 0x1c,
    0xdc, 0xe4, 0x0, 0x27, 0xe6, 0x0, 0xff, 0xe4,
    0x37, 0x39, 0x0, 0x9, 0xf9, 0x80, 0x3e, 0x18,
    0xdf, 0xf6, 0xc0, 0x80, 0x7c, 0x31, 0xbf, 0xed,
    0x81, 0x0, 0xf8, 0x63, 0x7f, 0xdb, 0x2, 0x1,
    0xff, 0xca, 0x6e, 0x72, 0x0, 0x13, 0xfa, 0x80,
    0x7f, 0xf5, 0xe2, 0x40, 0x3e, 0x1a, 0x80, 0xf,
    0xfe, 0xa9, 0xb8, 0x7, 0xf9, 0xcc, 0x3, 0xff,
    0xa9, 0xc0, 0x1f, 0xfc, 0xe, 0x0, 0xff, 0xe9,
    0x99, 0x0, 0x7f, 0xf0, 0x8, 0xc0, 0x3f, 0xfa,
    0x4a, 0x1, 0xff, 0xc2, 0x50, 0xf, 0xfe, 0x90,
    0x80, 0x7f, 0xf0, 0x84, 0x3, 0xff, 0xa4, 0x20,
    0x1f, 0xfc, 0x21, 0x0, 0xff, 0xe9, 0x28, 0x7,
    0xff, 0x9, 0x40, 0x3f, 0xfa, 0x46, 0x40, 0x1f,
    0xfc, 0x2, 0x30, 0xf, 0xfe, 0x9f, 0x0, 0x7f,
    0xf0, 0x38, 0x3, 0xff, 0xa8, 0x6e, 0x1, 0xfe,
    0x73, 0x0, 0xff, 0xea, 0xc4, 0x80, 0x7e, 0x98,
    0x0, 0xff, 0xeb, 0xb7, 0x39, 0x0, 0x9, 0xf9,
    0x80, 0x3f, 0xf8, 0xc0
};


/*---------------------
 *  GLYPH DESCRIPTION
 *--------------------*/

static const lv_font_fmt_txt_glyph_dsc_t glyph_dsc[] = {
    {.bitmap_index = 0, .adv_w = 0, .box_w = 0, .box_h = 0, .ofs_x = 0, .ofs_y = 0} /* id = 0 reserved */,
    {.bitmap_index = 0, .adv_w = 720, .box_w = 31, .box_h = 30, .ofs_x = 7, .ofs_y = 0},
    {.bitmap_index = 291, .adv_w = 1440, .box_w = 76, .box_h = 105, .ofs_x = 7, .ofs_y = 0},
    {.bitmap_index = 1750, .adv_w = 960, .box_w = 46, .box_h = 105, .ofs_x = 7, .ofs_y = 0},
    {.bitmap_index = 2696, .adv_w = 1440, .box_w = 76, .box_h = 105, .ofs_x = 7, .ofs_y = 0},
    {.bitmap_index = 3996, .adv_w = 1440, .box_w = 76, .box_h = 105, .ofs_x = 7, .ofs_y = 0},
    {.bitmap_index = 5346, .adv_w = 1440, .box_w = 76, .box_h = 105, .ofs_x = 7, .ofs_y = 0},
    {.bitmap_index = 6685, .adv_w = 1440, .box_w = 76, .box_h = 105, .ofs_x = 7, .ofs_y = 0},
    {.bitmap_index = 8204, .adv_w = 1440, .box_w = 76, .box_h = 105, .ofs_x = 7, .ofs_y = 0},
    {.bitmap_index = 9688, .adv_w = 1440, .box_w = 76, .box_h = 105, .ofs_x = 7, .ofs_y = 0},
    {.bitmap_index = 10760, .adv_w = 1440, .box_w = 76, .box_h = 105, .ofs_x = 7, .ofs_y = 0},
    {.bitmap_index = 12332, .adv_w = 1440, .box_w = 76, .box_h = 105, .ofs_x = 7, .ofs_y = 0},
    {.bitmap_index = 13744, .adv_w = 480, .box_w = 16, .box_h = 60, .ofs_x = 7, .ofs_y = 15},
    {.bitmap_index = 13928, .adv_w = 1440, .box_w = 76, .box_h = 105, .ofs_x = 7, .ofs_y = 0},
    {.bitmap_index = 15480, .adv_w = 1440, .box_w = 76, .box_h = 105, .ofs_x = 7, .ofs_y = 0},
    {.bitmap_index = 16904, .adv_w = 960, .box_w = 46, .box_h = 45, .ofs_x = 7, .ofs_y = 90}
};

/*---------------------
 *  CHARACTER MAPPING
 *--------------------*/

static const uint16_t unicode_list_0[] = {
    0x0, 0x2, 0x3, 0x4, 0x5, 0x6, 0x7, 0x8,
    0x9, 0xa, 0xb, 0xc, 0x39, 0x45, 0x82
};

/*Collect the unicode lists and glyph_id offsets*/
static const lv_font_fmt_txt_cmap_t cmaps[] =
{
    {
        .range_start = 46, .range_length = 131, .glyph_id_start = 1,
        .unicode_list = unicode_list_0, .glyph_id_ofs_list = NULL, .list_length = 15, .type = LV_FONT_FMT_TXT_CMAP_SPARSE_TINY
    }
};



/*--------------------
 *  ALL CUSTOM DATA
 *--------------------*/

#if LVGL_VERSION_MAJOR == 8
/*Store all the custom data of the font*/
static  lv_font_fmt_txt_glyph_cache_t cache;
#endif

#if LVGL_VERSION_MAJOR >= 8
static const lv_font_fmt_txt_dsc_t font_dsc = {
#else
static lv_font_fmt_txt_dsc_t font_dsc = {
#endif
    .glyph_bitmap = glyph_bitmap,
    .glyph_dsc = glyph_dsc,
    .cmaps = cmaps,
    .kern_dsc = NULL,
    .kern_scale = 0,
    .cmap_num = 1,
    .bpp = 4,
    .kern_classes = 0,
    .bitmap_format = 1,
#if LVGL_VERSION_MAJOR == 8
    .cache = &cache
#endif
};



/*-----------------
 *  PUBLIC FONT
 *----------------*/

/*Initialize a public general font descriptor*/
#if LVGL_VERSION_MAJOR >= 8
const lv_font_t ndot_150 = {
#else
lv_font_t ndot_150 = {
#endif
    .get_glyph_dsc = lv_font_get_glyph_dsc_fmt_txt,    /*Function pointer to get glyph's data*/
    .get_glyph_bitmap = lv_font_get_bitmap_fmt_txt,    /*Function pointer to get glyph's bitmap*/
    .line_height = 135,          /*The maximum line height required by the font*/
    .base_line = 0,             /*Baseline measured from the bottom of the line*/
#if !(LVGL_VERSION_MAJOR == 6 && LVGL_VERSION_MINOR == 0)
    .subpx = LV_FONT_SUBPX_NONE,
#endif
#if LV_VERSION_CHECK(7, 4, 0) || LVGL_VERSION_MAJOR >= 8
    .underline_position = 0,
    .underline_thickness = 0,
#endif
    .dsc = &font_dsc,          /*The custom font data. Will be accessed by `get_glyph_bitmap/dsc` */
#if LV_VERSION_CHECK(8, 2, 0) || LVGL_VERSION_MAJOR >= 9
    .fallback = NULL,
#endif
    .user_data = NULL,
};



#endif /*#if NDOT_150*/

